#{"t_start": 1770904748.212053, "env_id": "None"}
r,l,t
-81.786695,140,3.751757
-75.700573,142,3.788707
-36.87881,109,3.815476
-52.749892,201,3.865288
-56.385911,99,3.906199
-55.261154,101,3.944789
-21.897467,119,3.974768
-44.520214,72,3.994687
-81.600318,119,4.026727
-34.628744,115,4.054392
-47.356287,91,4.07634
-63.991799,98,4.101173
-77.818379,120,4.133417
-64.665775,112,4.164777
-48.076255,132,4.200017
-35.219833,81,4.222441
-44.179722,98,4.250473
-68.757067,108,5.076026
-33.943841,96,5.113061
-43.121456,99,5.144027
-78.13504,141,5.182902
-53.864373,165,5.23057
-24.539568,133,5.269984
-35.285852,90,5.292125
-53.549748,104,5.320547
-63.590341,122,5.357152
-60.645348,117,5.393205
-57.028585,136,5.445992
-41.09615,153,5.492477
-66.396587,104,5.520883
-76.164129,162,5.569215
-54.276134,194,5.632414
-49.695929,167,5.685804
-20.679975,123,6.406317
-62.288589,91,6.432869
-62.74818,151,6.476599
-84.20493,122,6.512053
-58.724832,197,6.56898
-53.813412,92,6.593215
-71.733313,114,6.620719
-39.516089,100,6.647772
-68.208178,100,6.675918
-89.864692,130,6.712472
-44.48941,100,6.739118
-34.390515,98,6.765644
-60.092617,106,6.795807
-84.302755,151,6.838648
-52.283761,118,6.872307
-43.135872,77,6.893462
-74.77114,141,6.934126
-37.336905,96,7.582618
-39.148365,89,7.60815
-30.93174,101,7.635731
-35.555851,76,7.656328
-59.609149,131,7.691834
-41.243183,174,7.738704
-62.062736,119,7.771201
-60.097556,102,7.798068
-73.82765,113,7.8257
-27.555011,109,7.853348
-74.097913,125,7.890847
-37.805358,86,7.915567
-45.90786,132,7.947494
-98.276297,237,8.014368
-37.887322,94,8.036697
-46.274553,84,8.056822
-24.538369,108,8.082429
-34.502064,107,8.114393
-39.569706,77,8.758821
-29.329775,91,8.784268
-40.294622,167,8.831323
-35.478304,87,8.854768
-63.70461,118,8.886719
-67.522366,119,8.918713
-62.982162,129,8.954287
-83.848174,176,8.998158
-41.442777,71,9.016352
-76.9457,136,9.050224
-13.301599,170,9.092182
-57.213383,146,9.131618
-16.477843,234,9.18898
-32.968481,92,9.213975
-57.174347,132,9.249027
-36.295162,114,9.27637
-84.390794,141,9.93623
-73.508133,103,9.965049
-59.584393,185,10.018112
-21.752255,141,10.056599
-67.614062,172,10.103747
-30.622993,86,10.126656
-54.275471,99,10.150834
-40.720074,79,10.170553
-47.886691,179,10.216188
-36.313799,87,10.237713
-31.244849,96,10.265961
-56.583083,103,10.291644
-36.100752,90,10.314049
-55.405014,140,10.35154
-54.334219,107,10.382136
-23.562176,154,10.421999
-62.195548,93,10.445919
-8.396023,160,11.136374
-67.604715,120,11.170892
-60.693521,88,11.196332
-26.913643,101,11.225629
-49.459216,115,11.257302
-63.185884,165,11.303055
-40.529967,92,11.325447
-52.176483,167,11.370714
-54.867931,154,11.416202
-48.666064,143,11.456161
-22.582223,150,11.497764
-62.74179,125,11.52973
-78.972128,131,11.561103
-36.220621,80,11.586071
-45.479224,69,11.602918
-48.559254,96,11.625736
-53.77051,108,11.651238
-56.244423,98,12.298084
-21.96206,147,12.338887
-92.44319,176,12.388754
-29.338892,98,12.417259
-35.89367,92,12.444825
-35.758145,85,12.4681
-32.639153,93,12.492112
-44.292894,77,12.510392
-28.655755,116,12.538209
-51.013297,128,12.568716
-58.110196,135,12.600717
-66.125706,128,12.630925
-109.327791,208,12.680255
-45.145255,82,12.700287
-47.773105,131,12.73231
-40.946983,90,12.75364
-29.877637,86,12.77419
-67.366727,136,13.432093
-54.567864,72,13.452638
-30.272835,134,13.49316
-24.172019,132,13.531692
-30.489494,85,13.555434
-80.501422,167,13.601238
-69.452594,92,13.625926
-70.082108,122,13.655914
-71.293395,102,13.679861
-48.630021,152,13.716377
-26.027787,183,13.763063
-31.235435,85,13.784465
-45.329691,95,13.808791
-40.595055,81,13.827901
-53.234018,117,13.856506
-31.547083,94,13.878743
-52.880899,126,13.910849
-25.452837,144,13.945227
-59.936517,113,14.591972
-53.955741,127,14.633688
-70.885865,126,14.674023
-37.758904,188,14.726524
-75.902737,172,14.775758
-40.378016,71,14.793478
-41.063674,88,14.815182
-36.530579,102,14.839982
-31.827528,122,14.869543
-52.896487,117,14.898008
-52.553837,88,14.919441
-58.059811,99,14.942604
-46.443633,98,14.966087
-63.752285,96,14.988805
-25.40959,129,15.019256
-26.194693,107,15.044384
-30.994022,96,15.06697
-32.955208,97,15.090068
-39.71347,76,15.791152
-64.271298,120,15.829652
-32.231879,91,15.857759
-28.821888,137,15.900985
-56.389572,119,15.935176
-39.025895,174,15.985459
-34.776086,163,16.025497
-41.310964,120,16.05433
-79.141218,152,16.090768
-53.827268,97,16.114178
-25.08121,115,16.142148
-30.497371,94,16.165614
-36.024448,101,16.193057
-50.089458,86,16.216949
-46.91473,111,16.244324
-58.814678,133,16.279386
-34.594974,75,16.297549
-30.809116,87,16.31824
-54.505508,164,16.98568
-39.709777,112,17.017401
-48.766704,105,17.046729
-66.333698,103,17.075114
-12.960201,145,17.117021
-38.554983,86,17.141464
-40.147883,89,17.164932
-22.591894,124,17.194538
-32.654968,105,17.219672
-35.332177,92,17.241777
-66.671955,136,17.274341
-33.448848,87,17.295218
-38.484782,79,17.317852
-25.925288,108,17.344734
-53.480694,159,17.383875
-14.35107,123,17.415193
-26.879302,131,17.446871
-33.597124,99,17.470818
-42.134118,111,18.11113
-53.142808,154,18.155829
-32.127988,102,18.185033
-62.562025,138,18.22491
-61.232392,131,18.263668
-39.241837,87,18.288095
-70.654379,158,18.327147
-22.726798,121,18.356016
-26.108198,165,18.394955
-35.692659,98,18.417899
-56.812481,125,18.447708
-42.24366,79,18.46663
-49.037758,88,18.487497
-111.174128,180,18.529801
-82.991974,163,18.568201
-23.267125,104,18.592656
-43.216257,175,19.243443
-59.692406,82,19.269025
-40.980483,101,19.297255
-29.5464,95,19.324981
-47.253812,108,19.35612
-18.694635,123,19.390089
-61.501928,98,19.416876
-49.494757,105,19.442526
-34.134002,111,19.468912
-23.193868,155,19.509975
-27.692895,116,19.537733
-45.785815,112,19.564363
-71.043225,151,19.599929
-58.041582,112,19.626578
-72.976437,170,19.66688
-26.177075,109,19.692701
-51.452256,94,19.714706
-68.001447,101,19.738469
-27.535149,122,20.374713
-19.12172,143,20.416327
-30.366515,89,20.441678
-30.040964,93,20.468138
-33.987865,218,20.533007
-53.34087,95,20.5575
-40.015208,109,20.583916
-36.05371,87,20.604749
-43.474377,131,20.638893
-37.60017,73,20.656546
-70.148975,111,20.683243
-63.080313,133,20.715695
-27.843156,78,20.73581
-29.945776,136,20.772983
-57.230905,93,20.798587
-37.968848,94,20.825388
-63.475704,135,20.85987
-77.35761,132,21.550989
-59.164713,146,21.593567
-57.808746,179,21.644505
-62.903631,133,21.682468
-48.878898,90,21.707906
-52.11334,138,21.747241
-39.258944,71,21.764814
-36.475693,142,21.802836
-66.610817,104,21.829424
-34.055175,90,21.854573
-68.044512,96,21.882134
-53.791959,98,21.906316
-24.37093,179,21.954413
-26.769156,265,22.034806
-60.253198,124,22.071741
-29.704313,120,22.108293
-61.654852,173,22.834182
-32.529292,79,22.85744
-24.47703,136,22.900279
-60.687642,127,22.940745
-32.976302,92,22.967591
-29.595291,106,22.997845
-67.416265,155,23.035583
-61.888405,207,23.098097
-52.299738,148,23.142253
-60.274766,133,23.178516
-32.302007,75,23.20102
-52.127108,125,23.242167
-25.199848,106,23.280762
-40.091775,88,23.309858
-64.134478,114,23.345189
-36.386067,92,23.379993
-59.949533,132,23.421467
-56.179766,153,24.181161
-40.524602,156,24.226431
-28.132849,147,24.271398
-42.970977,103,24.304193
-36.557989,68,24.3253
-56.576759,115,24.3579
-34.817581,86,24.379175
-74.172713,133,24.416203
-88.94177,129,24.450899
-58.978161,136,24.489013
-33.671743,106,24.518206
-30.854426,184,24.569061
-34.55821,121,24.599427
18.422627,391,24.696657
-39.106906,67,25.378805
-41.528236,199,25.435358
-40.820795,86,25.459588
-43.327777,97,25.488587
-66.83115,134,25.527473
-58.061537,109,25.559146
-30.450625,117,25.589787
-43.850577,109,25.616801
-29.12942,87,25.643248
-54.446784,107,25.676604
-47.763711,101,25.705006
-58.159733,148,25.740652
-56.431925,125,25.771775
-45.48371,72,25.792143
-60.312403,120,25.832307
-63.651718,116,25.871132
-54.397191,78,25.891611
-35.406436,109,25.924197
-39.125913,84,25.948654
-48.378493,92,26.61489
-31.300755,87,26.639303
-35.228284,89,26.665242
-41.095595,88,26.690673
-64.511394,146,26.733563
-32.192171,79,26.756234
-55.247114,83,26.779744
-26.125839,139,26.816368
-39.534183,67,26.83472
-15.796683,118,26.863637
-39.150551,94,26.886206
-42.495953,105,26.914061
-62.943114,98,26.938576
-63.797622,122,26.970152
-31.036727,136,27.002513
-50.99066,127,27.033715
-14.95326,149,27.075418
-65.454381,108,27.10327
-32.024852,92,27.127951
-35.957089,90,27.765468
-56.266122,95,27.79411
-65.561189,95,27.821938
-54.553973,115,27.853642
-83.745496,143,27.895171
-43.996002,255,27.966833
-38.32774,104,27.993032
-39.943271,157,28.032418
-34.685031,85,28.054861
-38.239403,85,28.075629
-49.429559,95,28.099283
-25.767543,160,28.13942
-30.075058,95,28.162707
-66.882012,112,28.190932
-30.289039,91,28.214609
-38.464496,99,28.239275
-38.773399,107,28.26888
-34.015855,109,28.298966
-34.002395,90,28.944622
-33.182441,134,28.991292
-32.796743,76,29.016176
-45.42213,92,29.043083
-24.337679,113,29.076581
-34.896646,104,29.108099
-27.617849,99,29.134553
-26.872948,104,29.160264
-48.316664,172,29.210799
-59.123011,87,29.232446
-58.813526,101,29.258923
-52.684126,94,29.281151
-57.137568,138,29.32045
-52.884424,118,29.351299
-33.696229,69,29.367984
-43.560751,109,29.394989
-48.529965,101,29.419927
-47.382344,93,29.442521
-75.205851,139,29.475827
-31.666727,110,30.120756
-58.129571,115,30.154583
-67.559681,100,30.184405
-27.316815,120,30.217926
-64.029717,104,30.247637
-94.829897,160,30.295088
-36.014129,94,30.318356
-59.390777,125,30.350683
-50.948579,243,30.412491
-33.366146,121,30.446328
-51.055588,104,30.47165
-52.045026,111,30.499911
-37.543071,72,30.517419
-59.965443,122,30.546444
-60.604487,131,30.579215
-40.939778,96,30.604894
-39.4243,85,30.62543
-67.469646,121,31.299859
-29.83982,102,31.331271
-70.412281,108,31.363284
-58.973221,97,31.392557
-64.079433,84,31.417815
-58.995331,74,31.439255
-53.759183,101,31.468401
-61.300812,76,31.489748
-44.936896,83,31.51176
-37.909773,75,31.531013
-35.123169,99,31.559769
-72.609522,122,31.592452
-36.590265,75,31.612986
-52.577574,86,31.634372
-41.716732,70,31.650932
-88.025628,139,31.686564
-41.495818,119,31.714898
-45.571565,117,31.742874
-70.415055,92,31.765094
-66.92824,103,31.79446
-63.631416,116,31.824538
-63.9086,77,32.468054
-57.517839,111,32.500149
-41.650269,149,32.542323
-65.568535,117,32.576648
-52.382539,111,32.609776
-53.083717,97,32.637732
-55.223079,123,32.670982
-54.07841,91,32.693439
-31.526149,114,32.720765
-49.164407,108,32.746416
-57.395464,99,32.770075
-31.015194,90,32.791235
-52.37203,114,32.818538
-45.083633,72,32.835663
-36.503798,89,32.85674
-30.843554,89,32.877587
-45.769801,107,32.903409
-67.735386,109,32.929496
-40.323944,87,32.950558
-27.642821,112,32.977548
-74.861737,129,33.629256
-44.999842,88,33.656263
-67.008527,102,33.685452
-41.593979,97,33.713336
-33.797169,99,33.743109
-67.11143,92,33.769415
-39.471455,74,33.790194
-29.659249,133,33.824487
-38.05247,90,33.84633
-59.097073,126,33.876937
-41.531452,78,33.895777
-65.223365,94,33.918674
-36.539987,85,33.939274
-45.504026,100,33.963849
-34.147558,108,33.989686
-32.987826,85,34.009944
-41.19411,77,34.028359
-26.174527,83,34.04798
-63.424575,94,34.070284
-59.738478,117,34.097931
-69.312826,87,34.118633
-35.588992,103,34.765841
-45.76624,120,34.801145
-52.254649,94,34.827807
-24.986162,137,34.86599
-43.853718,78,34.888369
-55.035813,74,34.909895
-67.707163,109,34.94123
-46.890813,132,34.975078
-52.9586,95,34.997727
-57.680822,93,35.022766
-50.568565,84,35.043008
-35.278927,87,35.063806
-56.917497,86,35.084164
-74.840345,131,35.115177
-48.573486,111,35.141529
-65.105923,96,35.164322
-44.473958,126,35.194561
-36.611506,74,35.212347
-63.552452,123,35.245514
-69.860408,116,35.273963
-40.203392,82,35.902832
-44.192603,124,35.938506
-55.532394,133,35.976563
-48.811231,80,36.001235
-36.55516,116,36.034369
-33.953587,110,36.067824
-54.285768,116,36.098933
-42.022417,101,36.124367
-42.202028,74,36.143048
-33.949532,97,36.167131
-38.498125,96,36.192084
-52.879816,85,36.212602
-59.458946,118,36.241147
-66.211092,87,36.26343
-58.346537,90,36.286136
-57.742401,102,36.313651
-67.330364,95,36.337351
-33.230072,127,36.368378
-47.301241,98,36.392376
-42.793006,99,36.418377
-39.052219,122,37.068841
-57.531547,123,37.104213
-55.101739,113,37.136044
-35.664851,103,37.164724
-40.863423,91,37.191137
-53.250541,99,37.220077
-27.677375,105,37.25013
-70.176384,113,37.279119
-38.009851,95,37.304067
-41.566422,112,37.332038
-61.99737,121,37.362067
-35.437639,77,37.3812
-38.259187,69,37.398518
-47.110374,87,37.419621
-56.871128,113,37.447362
-45.87535,122,37.477459
-36.336785,83,37.497947
-58.830765,139,37.531758
-33.149235,89,37.553635
-63.063464,101,37.590202
-29.028203,91,38.227833
-55.124904,109,38.258178
-67.165769,130,38.296146
-35.414292,81,38.319904
-65.724901,119,38.353584
-46.948618,100,38.382516
-52.390313,108,38.413499
-56.649278,124,38.449889
-30.424081,99,38.479735
-44.996223,73,38.49981
-33.961628,77,38.519837
-42.542279,78,38.542254
-68.89885,101,38.569542
-59.097748,107,38.598072
-23.052699,99,38.624724
-51.414951,95,38.648562
-54.156853,89,38.672845
-32.292097,72,38.690618
-31.61294,79,38.711729
-70.276811,124,38.742446
-33.292188,119,39.415673
-48.658176,112,39.454818
-45.712123,103,39.490945
-21.707402,99,39.525468
-52.160965,101,39.560052
-50.651243,81,39.588598
-63.088617,110,39.627174
-38.414127,95,39.658971
-40.90784,74,39.687139
-40.595577,70,39.710034
-69.455102,167,39.764362
-51.398592,95,39.792693
-34.991193,125,39.828447
-39.38488,147,39.868274
-61.971668,101,39.893698
-33.962714,71,39.911575
-30.906088,131,39.947422
-35.211447,123,39.979454
-63.041127,92,40.002465
-40.244637,122,40.03198
7.434991,226,40.788021
-56.154568,101,40.824492
-34.431907,70,40.848811
-29.059906,122,40.890273
-28.842384,93,40.921594
-65.18813,105,40.956383
-31.732256,102,40.990092
-33.804067,129,41.031521
-39.114537,130,41.069294
-36.039265,67,41.097258
-30.366195,114,41.135642
-34.723599,104,41.171978
-33.709734,66,41.190812
-51.609935,103,41.220985
-32.950689,68,41.238775
-37.786298,97,41.263438
-50.400958,114,41.300965
-35.172248,79,41.323827
-63.133451,117,41.353564
-27.35534,75,42.018418
-43.284603,121,42.058246
-62.351464,111,42.093957
-35.460115,97,42.124815
-39.116337,126,42.166178
-46.165141,126,42.209911
-32.560344,147,42.262331
-28.56358,88,42.294908
-62.746714,130,42.333856
-29.354684,122,42.369252
-16.014196,118,42.406123
-20.921452,109,42.437047
-57.018493,90,42.463897
-50.824704,88,42.487879
-29.764283,77,42.506645
-25.718993,105,42.532436
-46.426445,110,42.561006
-32.26959,97,42.585006
-46.072389,93,42.607459
-14.292172,135,43.283654
-59.414629,119,43.326182
-6.869901,141,43.376227
-15.929398,103,43.410917
-42.029592,119,43.451331
-35.229858,100,43.487614
-21.819969,221,43.566017
-15.892635,120,43.605727
-44.915575,85,43.629702
-41.997194,165,43.676846
-32.040614,81,43.698083
-60.395349,108,43.725895
-48.308282,87,43.747513
-28.301634,175,43.790267
-51.240156,115,43.818078
-33.141081,134,43.849805
-46.567853,113,43.876985
-51.51043,148,44.579291
-16.96914,95,44.611881
-12.999878,112,44.650369
-74.530982,147,44.703041
-12.397656,211,44.779051
-44.344921,95,44.810078
-52.088206,99,44.842422
-34.674373,178,44.891878
-31.978023,83,44.914123
-10.071078,141,44.951596
-26.045157,176,44.996325
-33.206192,118,45.025287
-25.596828,137,45.058192
-36.733414,114,45.085248
-13.340584,205,45.78529
-21.532559,95,45.81831
-7.737525,171,45.87972
-75.209122,175,45.941424
-44.721484,117,45.984521
-39.18124,61,46.005148
-53.085063,103,46.038015
-21.887403,82,46.063906
-21.080677,212,46.125731
-36.823794,116,46.157991
-57.54359,91,46.182832
-45.616518,87,46.206499
-47.306776,102,46.233947
-15.113089,110,46.263563
-16.782643,99,46.28959
-24.806814,82,46.310961
-11.970648,130,46.349843
-21.912353,77,46.37406
-42.037846,93,46.400999
-47.255859,181,47.16232
-29.748227,88,47.192851
-15.871429,129,47.236754
-26.810923,106,47.271622
-54.309181,185,47.333263
-47.913988,74,47.357069
-56.593087,88,47.386651
-20.127186,123,47.423015
-42.629258,96,47.453166
-19.768439,91,47.48073
-30.350207,64,47.500672
-33.044473,164,47.54546
-10.116472,159,47.586768
-39.42635,98,47.611902
-36.69646,193,47.669446
-47.020729,88,47.692759
-56.12585,107,47.718534
-38.131613,131,48.435455
-42.877775,138,48.485143
-24.222546,78,48.512301
-50.68569,141,48.564356
-47.828918,82,48.594971
-16.880665,128,48.638459
-27.662079,149,48.690334
-31.474165,71,48.711575
-39.299608,168,48.769295
-24.642527,74,48.793142
-49.733858,146,48.835393
-20.388459,208,48.889546
-54.294201,194,48.940171
-29.466158,104,48.965682
-36.393536,120,48.995632
-6.247947,228,49.709712
-25.156615,83,49.738333
-54.501357,109,49.774632
-45.485417,100,49.807464
-16.402145,164,49.861131
-18.944095,139,49.912053
-48.051587,101,49.954922
-56.167592,128,49.994184
-30.038466,71,50.016513
-43.055294,110,50.050319
-43.067891,98,50.077768
-53.194569,121,50.113219
-19.672535,116,50.143426
-13.578317,228,50.20335
-25.079262,78,50.222924
-26.509186,144,50.262562
4.061003,201,50.963727
-52.063544,104,51.001373
-16.040303,183,51.064545
-44.430651,97,51.098688
-20.643503,104,51.13429
-34.17977,117,51.174496
-33.532892,182,51.234802
-45.303784,103,51.269838
-23.843931,73,51.299781
-10.092277,203,51.372534
-29.280047,68,51.394245
-27.003551,75,51.418552
-37.242389,160,51.470021
-30.950481,122,51.504202
-20.644244,150,51.543835
5.228924,132,51.58394
-19.708096,102,51.6163
-38.466976,161,52.329641
-11.913316,105,52.36518
-47.117078,137,52.411819
-5.30351,118,52.450744
-40.474571,126,52.490858
2.725197,147,52.535731
-25.89313,87,52.560893
-20.265925,94,52.588605
-21.670129,87,52.613023
16.833949,178,52.660691
-44.495207,116,52.690833
-44.639257,96,52.715781
-25.3852,129,52.748266
-26.074264,81,52.768462
-5.291677,134,52.801837
-46.483415,174,52.844096
-21.430296,97,52.867533
-20.164641,78,53.568243
-10.116958,132,53.616879
-27.737549,98,53.651681
-32.580683,81,53.679742
-16.600625,129,53.728363
-35.113873,152,53.784375
-55.527908,126,53.834426
-5.58472,135,53.878844
20.218328,277,53.962646
-52.001504,135,53.998344
-9.740167,182,54.046242
-24.995067,179,54.093294
-13.477743,112,54.123476
-45.192953,110,54.154528
-41.783994,85,54.175058
-31.546637,101,54.878771
-31.989701,119,54.921244
-47.998883,117,54.96289
-54.905738,197,55.032415
-15.702068,94,55.065448
-30.453206,103,55.102426
-27.646116,70,55.128897
-10.976536,132,55.178596
-10.604743,117,55.222242
-16.105351,101,55.252394
-23.778909,99,55.279801
-22.942756,75,55.306162
-23.92713,84,55.330081
26.241997,283,55.406528
-17.193023,91,55.434874
-28.017368,118,55.467437
-19.299251,202,55.519861
-20.292313,105,56.238714
-49.390963,106,56.277424
-8.894603,114,56.320686
-36.765283,105,56.362846
-28.756976,106,56.403323
-19.36447,84,56.438998
-32.107824,136,56.487918
-29.492041,107,56.529915
-8.814249,134,56.573225
-16.689949,119,56.616957
-35.114129,96,56.646477
-23.093711,94,56.673466
-22.679299,112,56.70731
-51.605044,123,56.741691
-30.295934,106,56.777756
-57.534532,187,56.832768
-32.608478,150,56.879813
-31.663335,106,57.616507
-33.965868,144,57.67259
-31.4869,140,57.725763
-14.689261,96,57.763027
-18.618741,126,57.811728
0.91614,159,57.873449
-29.507022,88,57.910421
5.715411,173,57.975354
-22.054589,96,58.009657
-27.10895,155,58.061382
-37.472249,92,58.088575
-25.376034,114,58.120671
-47.251636,118,58.152908
-19.131019,181,58.207718
-19.348602,141,58.247246
-17.337557,97,58.274152
-14.797381,103,58.301563
-45.694634,101,59.028094
-52.401107,159,59.089465
-5.803435,179,59.159962
-40.088563,126,59.207749
-38.014268,138,59.262996
-23.589244,85,59.294848
-36.9657,90,59.330103
-8.728475,122,59.371546
-23.573968,153,59.419366
-21.253781,128,59.464148
-31.760191,137,59.509691
-17.896109,103,59.542305
-47.391539,133,59.58526
0.595834,123,59.622706
-1.362143,144,59.662537
-49.602478,91,59.691317
-59.119819,125,60.417569
-35.912766,114,60.455405
-36.695313,128,60.497617
-18.777084,112,60.535781
-30.177705,170,60.592001
-5.767165,119,60.632945
-17.582725,116,60.671931
-30.242141,98,60.704634
-33.858044,171,60.755466
-84.759798,227,60.819922
-23.706809,84,60.842896
-46.650953,137,60.878783
-21.518132,105,60.906948
-33.533167,100,60.932389
-29.345572,102,60.958419
-44.699851,102,60.985681
-23.302687,106,61.752924
-70.62887,191,61.828721
-30.568088,138,61.87982
-18.647456,151,61.937811
-24.965529,152,61.993467
28.673847,262,62.085813
-56.667109,114,62.122593
-41.960971,143,62.16762
-35.986488,128,62.203994
11.259643,165,62.249142
-45.567117,89,62.272822
-12.317392,96,62.297199
-42.973283,112,62.32736
-19.417024,127,62.361568
-25.025173,135,62.394236
-43.384473,106,63.078192
-100.847584,193,63.148436
-8.996835,158,63.233324
-49.662433,191,63.299277
-39.924278,111,63.341893
-36.721305,128,63.380095
-32.805143,216,63.443625
-51.757924,135,63.480073
1.247951,122,63.512129
-40.422815,123,63.544625
-31.72136,116,63.574776
-34.485822,113,63.606261
-43.504288,117,63.702269
-26.839944,82,63.723353
-39.235435,138,63.758481
-32.204044,104,64.463766
-4.612845,169,64.526151
-24.875761,165,64.58463
5.281548,240,64.672032
-41.78157,90,64.704899
-20.592877,134,64.747407
-2.772482,137,64.789018
-25.415521,173,64.840124
-40.123358,104,64.868716
-17.350986,97,64.894139
-29.743846,120,64.924067
2.975456,141,64.959666
-21.4089,171,65.006752
-42.886284,107,65.038493
-7.997387,123,65.711901
-45.00877,138,65.761109
-8.333985,101,65.796096
-14.656907,101,65.831816
-6.169792,148,65.887568
-37.938262,130,65.935132
-40.373141,117,65.979152
-26.743431,127,66.019318
-30.644512,109,66.054066
-33.718036,75,66.078642
-10.171674,107,66.110535
-18.894604,89,66.137068
-32.644799,137,66.176866
-21.147778,86,66.199835
-19.064237,96,66.225198
60.228309,304,66.307511
50.391333,240,67.046266
-10.562981,97,67.074772
-21.475413,124,67.112086
-34.97566,151,67.159711
-40.535974,131,67.202498
9.222761,150,67.252482
-19.677671,140,67.29574
-16.312038,82,67.320537
-43.722635,161,67.373494
-29.098683,146,67.413539
-20.300368,109,67.442778
-32.424324,121,67.475026
26.74265,288,67.546438
10.506689,153,67.58356
19.878533,182,68.334151
-26.398431,180,68.402197
9.370576,128,68.450847
-29.992542,77,68.478973
-12.997218,100,68.515174
2.256902,144,68.566479
8.383803,151,68.615058
-22.806458,132,68.657538
0.1749,129,68.694455
-42.824873,128,68.734449
-13.289291,87,68.758366
-47.856345,149,68.800028
-6.499248,93,68.824028
-32.956035,104,68.856992
19.07425,163,68.898319
-38.456627,212,68.956727
-3.13545,116,69.631854
-43.123106,103,69.669453
-10.44472,118,69.711953
-10.833177,128,69.758427
-8.85363,157,69.815031
-14.605638,137,69.860916
-25.254713,112,69.896167
-27.836022,129,69.934669
-33.948598,115,69.968841
-10.38601,117,70.00154
-8.943277,105,70.029442
-18.401784,103,70.056446
-29.121411,125,70.089354
-31.905184,129,70.122542
-18.101727,125,70.153195
-1.659828,116,70.181109
-31.318055,88,70.202055
-14.355694,116,70.885134
-32.827475,103,70.920708
-13.513721,108,70.960382
-39.140397,116,71.003985
-28.31491,84,71.033525
-35.630401,109,71.074329
10.98641,201,71.140764
-6.240762,96,71.170862
-19.862009,75,71.193449
5.332885,130,71.230727
-23.259285,71,71.251143
-34.145107,129,71.286139
-39.406311,92,71.310688
-16.597903,78,71.33065
-0.015391,194,71.3807
-15.175182,113,71.409076
-14.089748,85,71.429823
-25.191391,136,71.463343
-1.858614,116,72.193986
5.289424,123,72.240099
-7.499782,104,72.278786
40.619923,196,72.346572
-26.2872,95,72.378816
-32.093978,141,72.424016
-1.350561,159,72.472054
73.274334,254,72.543285
-1.899368,126,72.576925
-8.259087,94,72.604215
-4.497834,109,72.631043
5.287955,178,72.674619
-31.874764,159,72.712401
-4.606199,225,72.766241
-0.051901,114,73.450431
-4.028619,130,73.495832
-25.445017,115,73.53781
-11.216061,167,73.595983
-11.55686,156,73.654614
-32.614634,111,73.691098
8.862813,132,73.731195
-11.416896,124,73.767612
-11.88783,110,73.798324
-5.075893,171,73.843957
-2.512313,112,73.873685
0.382102,109,73.902047
6.16769,126,73.933242
-23.877928,188,73.979794
-23.887927,143,74.014565
29.332009,220,74.722633
-12.121955,85,74.752393
-12.371255,126,74.797876
-3.31502,118,74.839497
2.843371,115,74.883161
9.924851,131,74.927216
-5.054733,110,74.962674
-19.800784,158,75.01076
-25.834965,110,75.04219
-35.982582,123,75.076919
-32.334416,137,75.114177
-37.626427,102,75.141175
26.495742,205,75.193972
12.909126,121,75.224229
42.805904,195,75.271622
-24.951734,99,75.9375
-2.472773,111,75.977436
46.066889,198,76.046297
-12.523526,110,76.086755
-13.562651,90,76.119964
-6.706519,206,76.189778
6.649581,159,76.239403
25.965903,154,76.285069
3.162648,113,76.31672
-29.652469,174,76.36648
33.233245,233,76.426129
-21.243097,151,76.463671
10.046205,146,76.504614
-11.715187,90,76.525964
-6.867499,105,77.22992
-1.034583,136,77.277258
3.949962,117,77.319947
-17.874091,92,77.35434
46.220514,209,77.432468
-13.437172,138,77.481755
-16.376493,172,77.532444
-16.302101,104,77.559671
30.252019,211,77.613411
28.981293,174,77.656733
5.322266,159,77.695723
16.250035,146,77.731777
84.990188,323,77.811115
-24.417171,123,78.496083
14.454738,143,78.546115
-20.42881,144,78.596735
-43.854459,145,78.64904
43.377868,194,78.717712
-31.23105,128,78.758502
-3.919302,113,78.792514
-16.630633,114,78.824882
78.562433,265,78.896209
-15.216418,176,78.942371
-5.691597,118,78.972014
-8.067154,136,79.005473
-3.866573,171,79.046796
-25.086367,117,79.730507
-23.244795,140,79.780938
-2.092206,128,79.826694
-33.678481,126,79.870845
6.318551,133,79.918835
-42.627492,143,79.967962
-8.876123,103,80.003496
118.016121,351,80.105456
49.914302,245,80.170475
-25.288099,121,80.201892
104.098146,382,80.294711
-6.283766,189,81.072288
38.754941,166,81.134232
8.310477,128,81.181627
-9.872003,123,81.227569
36.737376,236,81.310558
11.554635,155,81.360893
8.104119,118,81.396938
-34.089521,142,81.437313
48.794445,230,81.499119
25.991663,175,81.544534
6.138483,123,81.575175
-14.061076,109,81.601955
-9.18883,110,81.629113
-31.558586,130,81.660123
27.362325,164,82.407025
-35.453627,148,82.462887
-6.003139,150,82.517113
14.836561,154,82.571917
14.321758,181,82.633686
-13.392681,127,82.67395
2.849272,148,82.71832
-2.38609,110,82.749641
31.263415,165,82.79441
-33.799642,104,82.821127
9.539732,133,82.853566
-15.390304,128,82.885589
8.505968,150,82.92149
-21.657013,113,82.949144
-49.901118,138,82.982097
-10.298469,105,83.664472
-21.894797,150,83.716807
-4.815438,130,83.764315
20.048336,214,83.840969
-27.991497,161,83.894653
-17.436715,93,83.923932
-29.283428,112,83.958027
19.696151,246,84.027837
-17.712837,187,84.077473
0.944115,102,84.103888
24.896515,231,84.161138
-38.06705,123,84.191453
-14.404147,125,84.221716
-1.945225,125,84.909673
9.149022,223,84.987891
15.158021,136,85.039533
4.196212,119,85.084974
7.709908,170,85.144319
-45.813824,138,85.188806
12.293386,137,85.230133
-25.105912,180,85.282444
12.558266,137,85.320352
5.433529,166,85.365
-2.017324,115,85.394904
30.950273,147,85.431128
12.197909,139,85.465762
24.491129,155,85.502842
-2.469863,113,86.187371
-7.790785,162,86.244868
9.086169,138,86.293901
-19.414123,118,86.338251
23.375081,160,86.395913
35.434889,271,86.482325
38.807731,179,86.533738
4.574594,110,86.564232
-13.928281,225,86.625719
7.900501,127,86.657522
-20.812301,137,86.691191
-20.018826,165,86.731051
11.398793,126,86.761123
38.250153,278,87.553681
31.205382,169,87.615763
42.771576,192,87.688832
41.750778,180,87.751746
-12.023066,156,87.802603
95.667856,316,87.896785
-19.414474,122,87.929451
-29.674914,146,87.967874
17.656601,192,88.01669
-17.901474,96,88.040796
7.802461,128,88.072416
13.809905,119,88.102992
4.017118,176,89.130116
-19.735698,140,89.333585
11.037356,189,89.526388
52.792825,238,89.777057
-19.194294,97,89.87427
19.816614,199,90.094871
-14.62308,122,90.223676
3.729947,224,90.429352
-14.598119,234,90.671035
-16.327347,94,90.744434
6.467989,128,90.849269
25.121247,140,91.012035
41.072431,240,93.221087
-22.681344,182,93.389177
41.196583,172,93.54542
102.738002,332,93.866753
-4.502781,126,93.996846
73.84038,235,94.228076
1.164074,113,94.334438
-5.338826,157,94.473949
-0.221051,137,94.610099
-16.418684,137,94.735355
84.697001,294,95.001612
-31.106171,167,97.221027
-8.270195,115,97.324812
35.921008,180,97.509889
3.276652,123,97.626142
17.259879,179,97.811073
-38.411346,126,97.947772
-1.391279,128,98.068183
2.929151,122,98.179592
-31.696875,140,98.313761
-11.91219,172,98.465482
-34.047419,119,98.581214
-14.019789,129,98.698359
35.794229,179,98.867189
86.795533,323,100.696401
19.832808,188,100.851037
-0.572754,202,101.056587
-13.732193,167,101.225196
-18.298195,187,101.398948
15.713821,166,101.571921
-37.932908,149,101.724091
6.648977,135,101.866624
-6.392834,176,102.044165
40.009336,187,102.219126
129.725685,386,104.553183
18.07317,195,104.731114
-19.583991,140,104.858526
25.452353,217,105.066026
-7.335692,164,105.220078
14.524203,141,105.346257
14.307469,136,105.461975
156.735824,366,105.801852
33.444902,194,106.015252
-7.223731,113,106.133723
123.787182,333,106.450896
20.973243,156,108.326281
31.104718,185,108.474323
-1.304611,117,108.569972
38.44764,184,108.711736
31.267649,165,108.84815
10.438277,155,108.987374
158.560932,416,109.308288
-32.28829,151,109.438401
58.473848,230,109.64051
22.677236,171,109.780113
21.719049,144,111.729138
39.62263,210,111.922851
56.197026,265,112.165373
-13.476927,119,112.264486
12.657495,137,112.414193
32.459572,213,112.637831
24.857979,201,112.833676
14.817633,142,112.944063
-29.219944,138,113.061868
-12.247434,172,113.223043
14.866755,147,113.371435
19.861402,189,113.544771
-10.024964,153,115.620324
39.71596,240,115.842731
16.84391,168,115.987031
94.920703,328,116.294415
12.103753,175,116.447257
14.472424,135,116.56931
18.017749,226,116.766787
1.454352,112,116.870378
20.224898,176,117.014926
-2.502364,247,117.238616
24.580115,166,117.387302
159.956553,400,119.715041
112.274415,299,119.973778
5.807257,137,120.092874
21.27714,175,120.246103
46.441419,203,120.426654
22.622154,213,120.611771
170.177435,539,121.078823
6.066068,130,123.171656
80.579187,255,123.420176
37.058174,194,123.593215
-21.397254,168,123.741009
21.77848,151,123.87717
77.872096,274,124.113225
15.496412,185,124.272579
65.280499,251,124.490915
113.154827,301,124.757084
80.278848,228,124.955256
13.747928,170,127.078394
73.627867,224,127.279967
7.462138,140,127.402079
-17.61106,141,127.530382
4.683567,205,127.707754
-1.141965,109,127.802205
59.742756,257,128.040923
12.120204,216,128.245278
18.440578,214,128.439644
0.055344,122,128.554906
7.50904,201,128.741301
50.892413,286,130.930488
92.603963,269,131.175262
23.408196,170,131.328701
39.17312,222,131.521306
-13.216882,191,131.698435
19.457383,177,131.854407
37.895783,171,131.997596
54.166409,285,132.254559
-8.064576,143,132.382472
-25.620079,134,132.496044
11.106948,182,134.519722
58.315913,204,134.673083
71.919525,257,134.85147
41.712323,215,134.91584
109.750076,362,135.030001
36.978061,192,135.096899
44.303986,215,135.169563
-25.834087,148,135.217537
90.58215,319,135.329993
32.874015,253,136.077371
13.168463,236,136.144589
80.28261,318,136.233849
31.481228,217,136.290735
260.971025,560,136.441983
102.311305,264,136.514518
22.792817,147,136.550196
-17.681611,213,137.243876
142.226542,365,137.343774
16.072713,192,137.395959
58.064779,192,137.44376
55.321411,236,137.505644
-0.094924,155,137.546316
20.753329,178,137.594758
235.354594,529,137.73555
-25.947473,201,138.45949
15.658124,168,138.505272
121.425295,294,138.585676
10.605526,171,138.633546
-11.723899,190,138.680933
115.577005,326,138.772871
46.252812,247,138.836595
8.95499,209,138.89185
113.174525,319,139.593015
59.422771,277,139.669854
86.415966,287,139.751722
75.698531,239,139.81363
-16.534887,122,139.847099
33.384095,186,139.898191
79.997937,232,139.959534
-4.492248,163,139.999818
-59.19841,207,140.051089
10.764586,184,140.100329
123.579997,362,140.842422
-26.040415,151,140.887287
52.123556,225,140.951428
-5.613924,227,141.011288
-24.420201,197,141.057665
38.924934,223,141.110094
34.346739,181,141.152555
-22.094267,119,141.181062
-37.472575,162,141.219208
73.51143,243,141.276362
37.689276,172,141.935107
-11.59844,131,141.971587
4.453692,149,142.014138
15.06065,199,142.070954
28.841638,183,142.12113
-3.156519,177,142.167101
21.851297,179,142.210723
-8.151608,170,142.250593
105.705103,361,142.335318
86.825401,245,142.392866
48.253581,283,143.086527
68.75249,213,143.147201
-19.781554,182,143.20063
60.398098,320,143.295103
62.437281,284,143.367355
28.442615,201,143.415725
-38.24993,178,143.458261
152.503271,354,143.541806
230.403937,561,144.314141
15.364962,265,144.388713
-28.140222,201,144.442276
94.787228,304,144.515502
-26.223989,203,144.564365
9.731162,163,144.603355
21.216915,254,144.664301
14.056808,190,144.709802
13.613265,253,145.38587
-30.126447,203,145.44388
6.88827,250,145.515763
-16.907202,202,145.570852
78.228227,274,145.636578
120.017008,336,145.716072
74.985915,262,145.778108
80.116709,259,145.839408
141.109902,405,146.563877
89.60862,333,146.65858
259.971701,537,146.794068
167.502482,465,146.904132
124.110839,388,146.996193
149.540824,433,147.727608
76.789266,280,147.808995
112.092411,305,147.884369
41.222424,282,147.952453
2.07802,174,147.993516
48.607009,206,148.041888
91.91399,268,148.104855
89.331753,274,148.826776
49.864041,243,148.895679
-4.556684,165,148.946538
78.266773,311,149.03193
61.936663,266,149.09558
88.35056,282,149.163206
110.88392,381,149.254825
329.431307,632,150.02424
38.84646,187,150.077279
-21.979835,219,150.135825
181.445123,449,150.243692
53.879246,245,150.301328
114.165895,285,150.368954
86.68565,288,150.437603
118.598223,295,151.125357
19.677472,206,151.183107
139.036992,410,151.293426
168.069233,397,151.388809
140.446811,408,151.486257
121.986219,393,152.187815
119.521392,320,152.278648
108.884614,381,152.385283
97.47555,247,152.44608
-23.379153,136,152.479141
30.908266,212,152.530359
187.243256,484,152.646283
28.462342,243,153.320841
-20.423294,168,153.369512
72.231552,293,153.459611
56.09291,276,153.562847
184.526016,443,153.671053
268.176791,586,153.812227
-2.629109,164,153.85191
63.27232,269,154.549818
50.179518,236,154.618656
104.093319,382,154.722216
279.757775,590,154.871175
177.856674,480,154.98574
143.148458,456,155.727765
60.587884,248,155.799342
109.258736,311,155.884581
152.904576,353,155.96912
57.000653,195,156.015018
-1.126148,139,156.047968
36.779516,192,156.093627
8.751038,148,156.128955
72.443337,275,156.801647
51.185943,218,156.862298
272.318521,539,157.009927
129.549507,361,157.095811
51.094387,203,157.144307
117.270594,340,157.225209
-26.869949,197,157.271643
66.089205,245,157.948103
29.026219,172,157.996754
203.712267,463,158.124234
17.235904,164,158.163893
62.787799,300,158.235853
112.110175,315,158.310464
76.495615,222,158.363116
89.671674,279,159.062627
160.322663,416,159.183204
92.065018,237,159.254086
81.059823,230,159.31098
99.523406,254,159.372871
102.691749,272,159.438199
162.33581,378,159.528711
126.622448,329,160.242094
64.653062,248,160.331163
139.509661,325,160.448172
176.129833,448,160.585195
273.369424,542,160.732307
355.756052,608,161.606662
78.736456,288,161.713016
54.574662,320,161.821665
77.393449,281,161.902324
192.346391,443,162.01448
81.000628,229,162.069603
103.657518,354,162.845408
73.119144,218,162.924521
523.687057,832,163.497711
64.129185,278,163.804195
122.069336,302,164.09755
271.092941,565,166.465169
192.463841,479,166.906927
248.889031,449,167.29052
79.297773,349,167.601035
113.405429,256,167.845186
291.85012,497,170.239177
64.692597,292,170.590003
244.350304,490,171.109167
63.995781,224,171.327045
80.173977,224,171.518542
91.808547,236,171.742996
60.320828,217,171.931638
239.517709,543,174.447438
123.411283,273,174.681482
29.811559,303,174.946754
145.9611,316,175.191293
146.787371,387,175.505212
113.464944,278,175.746853
108.757963,353,177.706552
193.187808,413,178.078732
60.539819,281,178.338044
305.809035,598,178.869787
162.16845,406,179.244796
280.321608,510,181.584597
76.356216,221,181.811687
109.418276,255,182.05108
220.946774,460,182.47838
186.465652,392,182.853982
251.140949,536,184.604428
317.728797,581,184.770052
204.021815,457,184.900051
190.806736,430,185.039113
140.315346,378,185.748912
62.449026,239,185.816555
160.147404,407,185.936238
58.13797,256,186.007258
335.856422,592,186.1796
189.075266,435,186.312128
94.383054,292,187.141819
97.745248,232,187.294251
135.152461,333,187.620692
66.601514,193,187.818327
125.489874,263,188.076996
243.28488,485,188.536543
168.4026,428,190.912584
133.051276,382,191.282667
113.734588,314,191.620861
106.379638,256,191.755777
111.186672,325,191.867555
85.532587,221,191.935004
74.261001,335,192.036477
191.908179,376,194.046
130.740559,378,194.424366
362.648171,555,194.986721
157.614383,388,195.341009
99.193426,295,195.578116
224.51089,449,197.959054
152.607584,403,198.349086
148.918863,379,198.691212
357.003898,560,199.184546
126.231126,312,199.467335
116.334913,253,201.679874
119.730192,268,201.950164
13.229008,242,202.168705
132.190496,269,202.403227
124.790043,289,202.640839
193.652444,416,203.031363
102.926318,241,203.238324
459.201141,752,205.71404
98.218414,309,205.992534
228.538324,459,206.410371
32.1568,244,206.638737
180.021728,353,206.924119
62.776168,329,209.192697
106.34295,271,209.455729
92.0624,248,209.730986
94.515717,341,210.07696
297.967802,517,210.528703
100.012533,327,210.805028
88.133901,229,212.962024
139.908275,316,213.261514
349.711454,604,213.929659
114.77901,364,214.280108
64.091172,323,214.603224
122.924976,366,214.980876
105.037017,342,217.309277
148.273034,301,217.625464
73.703882,282,217.919034
255.744795,494,218.401797
158.332605,388,218.837563
194.790133,438,221.187608
60.340548,295,221.432642
180.193359,367,221.77998
57.393896,287,222.041846
34.7774,285,222.280088
173.573963,322,222.569191
91.022784,360,224.494914
159.73523,391,224.607344
78.761982,203,224.665572
266.709075,482,224.786155
48.993009,183,224.83639
236.018039,449,224.980349
177.609781,423,225.823194
117.603864,370,225.963109
188.218472,465,226.089996
30.46566,255,226.148511
144.638657,397,226.238548
109.493181,366,226.321346
109.547401,244,227.006568
128.212232,372,227.11103
32.5122,272,227.185636
115.849115,359,227.273486
92.181446,232,227.32967
110.493112,378,227.427402
13.38794,255,228.152618
622.765323,928,228.417402
-43.557005,239,228.485518
-27.026144,241,228.701456
141.79728,372,229.0202
86.17271,293,231.25979
142.26428,303,231.535225
307.308269,595,232.053529
119.253628,332,232.349336
73.493481,332,232.628122
249.461875,463,235.243733
66.32286,298,235.522088
135.986944,289,235.77932
-53.168516,275,236.031705
755.328456,1098,237.109779
146.521827,363,239.406824
106.922406,376,239.735229
228.495915,454,240.131423
98.096185,362,240.448013
198.045494,443,240.821709
242.215953,495,243.225616
180.76826,348,243.526783
235.193547,456,243.933718
208.0099,392,244.279574
154.673337,385,244.615613
231.629747,494,247.070721
128.620078,264,247.346716
131.197584,389,247.695701
380.994433,669,248.323069
58.5748,308,248.681724
181.931052,452,251.059303
114.651136,260,251.311072
245.260559,446,251.744838
145.940057,286,252.015526
382.235057,644,254.476884
131.894561,300,254.749704
132.741017,380,255.110568
207.04517,466,255.533118
197.29151,436,255.997429
125.532706,385,256.332763
50.50802,291,258.739025
56.588525,259,258.970014
307.875149,482,259.437419
144.451724,282,259.712309
-15.358152,212,259.916535
102.630236,251,260.182151
157.173566,329,260.493516
102.238099,361,262.882123
112.073172,255,263.131117
324.342452,566,263.660192
153.912545,398,264.040637
135.637901,374,264.389094
-1.161601,233,266.440104
288.771506,541,266.910113
123.468525,318,267.181768
55.29375,295,267.434152
276.823404,483,267.879398
252.442551,504,270.378068
57.092375,183,270.551531
198.888113,444,271.031447
112.402638,242,271.278685
179.516774,362,271.66245
137.904465,396,272.134895
207.447366,470,274.424766
197.84204,358,274.793533
194.83205,363,275.151561
105.599258,238,275.402442
148.091475,379,275.779789
120.731675,375,276.155253
254.367915,511,278.471823
129.283904,338,278.804492
133.596571,389,279.139076
142.892437,292,279.403986
120.25472,264,279.640515
81.978489,302,279.910639
132.58016,390,282.145579
499.361593,749,282.838281
150.656879,404,283.205205
103.19637,345,283.526736
178.919733,320,285.645362
171.669339,420,286.022898
256.153865,508,286.556932
327.222716,562,287.082615
316.696233,571,289.483713
330.663161,564,290.015225
374.99382,600,290.594459
248.027547,458,291.021579
86.91294,208,291.208141
104.502139,230,293.339479
89.954469,332,293.635916
68.325254,194,293.822709
120.864734,252,294.050165
121.360399,252,294.292763
116.86877,364,294.632309
146.862042,358,294.95475
127.760476,381,297.203078
152.460708,406,297.586968
206.832628,452,297.990128
254.565516,505,298.47359
586.073885,911,301.258307
133.339126,353,301.573082
141.330689,361,301.948867
328.610328,517,302.438362
219.914405,462,304.759342
117.67542,244,305.001938
189.761972,405,305.37783
155.917068,375,305.778118
254.9002,510,306.244433
154.775105,296,306.509101
150.455653,375,308.99271
183.441632,332,309.286074
241.325172,500,309.769702
121.135455,248,309.987053
339.517068,543,310.461223
102.98449,245,312.67577
129.53899,371,313.007061
163.304881,416,313.353597
139.48163,380,313.708264
184.520287,423,314.092213
219.398022,443,316.432923
135.537156,266,316.672405
228.40681,472,317.131684
287.849832,495,317.567004
259.601219,525,318.022323
174.996935,316,320.236283
114.355534,362,320.567281
382.14322,628,321.174129
216.622739,428,321.547975
323.629178,590,323.99506
195.221709,373,324.331623
247.926991,418,324.716217
192.570768,401,325.058773
152.00092,292,325.314429
213.418057,364,325.631063
192.575806,441,328.054177
213.943658,447,328.442031
213.746971,374,328.768953
332.313652,502,329.207341
135.700775,270,329.441593
237.829777,492,331.899385
492.167921,712,332.573547
120.076453,262,332.824662
136.610424,377,333.158782
172.745634,424,335.488735
193.295221,451,335.898833
170.738146,430,336.278381
196.51229,408,336.633065
121.478996,251,336.856343
175.330772,412,337.210845
245.895883,419,339.523056
175.780339,386,339.855103
172.618971,323,340.143874
223.826422,413,340.501377
345.087959,586,343.008846
197.457097,431,343.400988
735.190911,1024,344.31578
173.848649,436,344.697421
179.788326,437,347.063486
337.336449,576,347.565648
424.488769,716,348.216509
158.762967,320,348.506604
127.204892,348,350.773088
265.952473,450,351.16255
166.276255,322,351.434868
153.5823,420,351.799701
591.341879,872,354.514333
120.806785,367,354.835793
221.401002,403,355.185576
537.167809,795,355.881483
244.170562,425,358.262443
337.847048,600,358.790122
91.585741,348,359.09254
590.133865,843,359.825366
158.240534,415,362.165445
180.15298,429,362.539643
285.370483,529,363.007344
190.442974,441,363.401444
400.603287,669,365.954794
166.146676,335,366.255225
246.679006,467,366.654507
499.306997,750,367.308129
168.237569,401,369.657394
416.193861,703,370.310079
276.163997,508,370.764926
247.278137,501,371.208682
148.279302,301,373.449626
152.785678,286,373.710437
214.937658,379,374.049206
206.063037,467,374.470076
217.786416,465,374.887952
250.468221,532,377.330631
185.861336,328,377.629321
620.285583,890,378.43189
155.714477,289,378.689767
160.769325,398,380.992002
110.127047,238,381.20846
369.066011,654,381.968025
152.66336,285,382.219231
207.449523,375,382.553563
352.821074,643,384.878672
144.330766,309,385.156317
156.849635,296,385.418337
246.64957,473,385.827265
253.392178,449,386.206956
322.753842,586,388.688929
144.980223,412,389.061089
176.918805,338,389.36248
127.988074,363,389.678375
166.889217,314,389.968002
128.385845,273,392.190855
208.199614,437,392.584488
396.035978,661,393.162297
269.152403,500,393.630309
354.773735,646,396.186331
311.989784,567,396.840582
238.669109,521,397.478285
193.987962,341,397.793668
578.078671,867,400.727179
558.887054,842,401.486454
306.619039,522,401.949982
200.128526,478,404.043187
415.058014,658,404.617441
214.026364,456,405.016508
410.517047,702,407.261672
409.077825,709,407.837356
531.403248,782,408.518001
666.459365,921,410.954503
139.784515,272,411.202238
445.733352,678,411.796785
260.689406,562,412.295218
159.135389,301,414.599998
245.88876,525,415.078318
163.769784,414,415.449333
178.66327,348,415.763687
159.442862,320,416.047168
198.720506,358,418.343368
390.491952,686,418.944301
269.988994,500,419.417778
251.936527,536,419.890073
435.586208,721,422.519804
470.670102,712,423.169904
313.304665,499,423.622144
178.516715,419,426.005174
54.829483,405,426.372759
179.138608,435,426.749194
162.707038,306,427.013113
238.663028,403,427.360653
491.324487,747,430.06723
167.325031,309,430.334184
182.951228,447,430.719473
213.358479,483,431.138535
236.452053,489,433.535295
664.567115,908,434.330854
256.440051,500,434.780219
315.961751,618,435.341869
133.091049,273,437.562852
1153.212335,1569,438.945349
247.410251,509,441.436887
178.302488,335,441.726846
119.967878,469,442.136696
190.832067,357,442.444822
401.584767,706,445.074699
394.889901,630,445.632976
253.33467,507,446.087402
162.686018,315,446.358428
190.192022,463,446.767021
298.429066,607,449.258243
170.112016,315,449.53636
175.461629,314,449.860945
117.736124,446,450.288456
197.347767,345,450.594303
367.328713,654,453.163206
284.891339,562,453.665446
154.784255,288,453.918422
201.743345,480,454.339724
212.879292,380,456.704391
233.274776,414,457.068595
154.13263,299,457.332936
370.350701,662,457.914288
235.343415,467,460.37272
656.77669,943,461.202539
280.819309,481,461.620949
483.640601,693,464.207337
181.745588,340,464.508837
175.898688,325,464.79759
269.054006,447,465.220066
439.758404,681,465.84162
246.965313,440,468.224535
229.219866,389,468.597331
677.931157,918,469.407653
372.747977,609,471.863596
202.846076,376,472.228565
307.212639,580,472.751642
192.972634,388,473.124939
194.713326,341,473.4442
264.991556,431,475.809025
315.265422,477,476.285687
311.673969,516,476.579471
269.963641,435,476.696554
559.802178,822,477.639611
192.5521,342,477.732191
549.679708,808,477.945323
284.038077,574,478.724114
122.307766,248,478.79337
302.772358,473,478.923114
120.179018,246,478.992335
382.954633,584,479.144466
282.503656,466,479.874423
393.402313,586,480.038171
478.657029,745,480.226281
559.653211,801,481.072218
161.983608,300,481.156371
253.383432,428,481.272934
190.981902,333,481.361234
220.81146,466,481.474073
617.490701,818,482.31661
217.941592,459,482.443547
302.992653,496,482.56034
249.885268,401,482.654921
389.395436,633,483.438883
552.085928,789,483.63924
300.197883,553,483.772347
250.540676,476,484.514703
198.011166,448,484.636604
289.317927,553,484.77189
425.714726,673,484.933251
242.174521,396,485.691289
166.090881,396,485.804407
380.010949,609,485.953217
189.93731,438,486.055593
252.609102,419,486.761924
656.533756,897,487.01065
343.205853,541,487.138907
178.281463,420,487.237755
307.259259,490,488.028717
593.936271,842,488.255303
270.791343,520,488.402986
287.777213,446,489.175938
292.108925,463,489.307622
206.064072,357,489.40177
734.671096,958,489.688965
189.728208,359,490.445177
311.319146,566,490.609203
270.086374,543,490.74959
255.78853,469,490.877668
349.171416,540,491.662751
651.355762,902,491.918347
289.52988,508,492.055589
241.223084,403,492.789898
962.474173,1206,493.119856
465.727177,729,493.317226
363.892964,607,494.150382
362.617767,552,494.299331
485.863457,778,494.543708
244.401376,516,495.324301
772.725166,1050,495.65922
299.007186,583,495.839266
371.054907,622,496.665876
298.087442,547,496.809591
225.793642,415,496.914724
267.852697,548,497.055568
503.999247,757,497.874293
311.343405,501,498.001164
394.711286,626,498.154079
178.879137,360,498.861297
306.573638,587,499.022631
977.705111,1267,499.348644
409.385135,695,500.158973
461.241505,691,500.341509
465.762932,747,501.178024
435.518709,659,501.367499
329.490366,615,501.516689
454.478749,737,502.352505
271.759891,444,502.475729
475.901831,684,502.648361
583.280015,831,502.851062
548.440664,795,503.699711
182.255221,358,503.790039
540.645834,793,503.984668
377.674137,554,506.276579
206.146981,373,506.606063
947.635985,1225,507.673761
320.076314,513,510.069229
318.442119,543,510.733937
203.567499,386,511.265958
667.974643,967,514.269835
335.60548,547,514.765544
928.096017,1252,517.816533
150.798859,329,518.118267
206.628196,357,518.428659
192.064609,344,518.733871
119.50134,264,518.988604
120.277221,256,519.242685
156.448229,328,519.531073
194.316691,401,521.874545
1314.568514,1589,523.238419
548.394363,777,525.934006
153.563431,306,526.20626
182.673511,383,526.482483
340.577512,554,526.896729
134.126556,277,528.920057
936.073446,1171,529.231148
246.355926,426,529.333678
487.90582,730,530.160422
287.895641,505,530.294026
1298.152895,1681,531.347385
423.39192,669,531.529587
183.080644,361,531.623835
208.858975,399,531.730584
494.185817,784,532.561788
329.338583,536,532.695784
286.550097,470,532.814844
412.072557,656,533.606655
434.630897,674,533.786446
505.542357,758,533.982643
769.45921,1031,534.926274
346.750473,543,535.141561
336.195552,547,535.338563
621.854778,895,536.282641
330.357351,535,536.444561
820.053776,1061,537.411912
555.168923,803,537.643827
309.923873,499,537.780403
404.701486,643,538.62899
233.670607,427,538.751864
525.937864,808,538.966595
373.272936,620,539.121717
164.245692,325,539.829646
227.92862,404,539.945864
402.567427,659,540.116151
1110.838214,1392,541.175972
537.584006,778,541.397983
436.505845,657,541.579928
956.070779,1231,542.561881
1202.10561,1482,543.629678
172.399544,332,543.713248
778.527566,1056,544.641338
690.113428,919,544.930053
555.167478,820,545.15589
1068.503542,1323,546.187756
444.86235,681,546.374557
162.783465,317,546.465642
375.965426,568,547.322239
693.027899,976,547.596649
629.608199,883,549.425573
815.41669,1052,549.74123
224.373309,404,549.869219
302.279813,523,550.712141
1163.630865,1503,551.136086
613.240719,895,552.082502
361.683796,592,552.232657
320.792758,514,552.363061
681.757014,954,553.303319
209.051942,400,553.402987
646.89117,902,553.629773
1302.717744,1724,554.683156
464.689062,686,555.490156
590.687146,858,555.717358
853.161826,1120,556.635601
870.752752,1142,557.001666
427.042947,704,557.204823
290.620738,556,557.966292
485.644323,716,558.152345
908.407373,1170,559.086144
880.918808,1139,559.399528
305.45287,576,560.179536
543.068555,799,560.399992
305.88083,567,560.54279
301.462915,536,560.678395
534.775826,769,561.516647
421.433477,674,561.684527
217.317137,434,561.792004
277.257745,564,562.579562
271.465006,511,562.72138
204.717985,458,562.835852
236.604772,513,562.97587
196.17318,444,563.736553
369.388187,649,563.916098
546.358707,794,564.10711
213.098931,476,564.877902
293.606069,569,565.069128
575.246024,837,565.26673
289.816742,558,565.398868
271.055275,510,566.151813
811.717841,1093,566.438883
384.352133,592,567.273317
452.11293,655,567.480735
449.903546,712,567.647897
232.055712,406,567.743137
378.913476,618,568.5302
234.412206,412,568.642019
227.358368,397,568.742166
321.779587,590,568.901819
592.10254,837,569.783443
455.030236,652,569.956371
300.636765,568,570.103351
427.76839,640,570.96049
641.763051,895,571.206396
378.144757,621,571.352279
331.442596,615,572.165872
372.732593,627,572.353569
538.511335,800,572.562764
315.389038,605,573.38961
411.508939,604,573.55304
279.704498,468,573.673642
446.624421,660,574.493311
504.400054,763,574.701102
531.795932,781,574.891581
317.661822,509,575.667264
401.255527,585,575.853773
534.875248,723,576.058331
214.844408,375,576.146485
584.538411,867,577.011434
571.986445,849,577.260665
565.536185,861,578.215826
449.746482,740,578.446834
382.165545,677,578.625386
580.050053,876,579.532096
207.270502,381,579.656848
310.369187,504,579.791519
487.238488,762,580.721715
174.834782,329,580.829634
487.88001,780,581.061195
380.368792,584,581.225648
475.211754,679,582.140389
245.502418,413,582.275708
927.463433,1203,583.272302
274.777032,431,583.414867
393.653799,676,583.622836
224.527116,383,583.726724
525.453046,751,584.625718
376.1633,569,584.811718
209.952399,370,584.913609
595.836148,858,585.753033
384.884734,553,585.931774
257.307479,415,586.058249
863.977136,1161,586.978506
951.0198,1240,587.362587
678.298094,960,588.29371
345.795485,520,588.467069
476.295128,736,588.674553
296.649691,466,588.786487
370.906843,666,589.673235
719.063144,1013,589.973895
615.906852,927,590.86682
1308.693221,1551,591.920344
883.11384,1106,592.270618
260.270327,453,592.389335
221.239233,370,592.485257
120.501907,252,593.240287
684.523172,902,593.550753
579.038727,891,593.770871
290.498523,457,594.57808
217.405856,390,594.706695
944.729188,1232,595.04338
794.608931,1072,596.120434
564.787341,842,596.327919
846.706737,1059,597.269139
350.463809,509,597.405945
277.518023,448,597.513666
484.236668,792,598.501801
351.604175,646,598.693409
644.01852,940,599.629258
363.855251,525,599.805384
331.407728,608,599.980699
857.424542,1075,600.880443
188.958823,355,600.99913
196.090027,359,601.110086
351.263852,504,601.242343
531.826274,810,602.077335
173.581753,311,602.178102
825.312127,1004,602.466414
333.28079,509,602.585083
489.752472,797,603.598709
1478.47438,1767,604.737667
270.77563,430,604.87351
171.924344,309,604.957492
712.135392,1029,605.934008
231.658668,410,606.070995
179.532796,334,606.168271
990.427139,1343,607.237524
636.533632,958,607.545113
555.08961,834,608.415232
200.508375,358,608.533301
297.609256,456,608.68135
548.319882,767,608.894069
831.790386,1133,609.865155
320.072069,504,610.019946
238.484529,400,610.133294
175.427924,323,610.215373
341.028921,507,611.054539
383.53503,581,611.24322
503.972292,718,611.450527
649.511591,949,612.353757
484.806339,759,612.579774
729.42959,1047,613.565148
409.587759,614,613.75665
264.367608,425,613.870679
311.981877,468,613.987698
521.146354,794,614.834002
268.286826,445,614.977328
244.455734,405,615.087984
616.808628,894,616.025138
229.029086,384,616.150798
370.205192,535,616.318224
620.304675,897,617.179494
326.824368,601,617.388761
385.818312,680,617.597859
584.797247,879,618.507362
572.395126,860,618.800091
278.98467,547,618.965317
316.157864,604,619.769243
1228.610378,1531,620.241488
447.110885,711,621.080997
417.37695,674,621.307914
491.686184,821,621.531501
710.072966,983,622.460182
647.131794,819,622.688601
502.8647,771,623.580802
429.208217,731,623.838054
558.371153,879,624.087522
639.825523,981,625.030449
623.476734,945,625.287054
226.346871,404,626.088738
219.027436,372,626.218244
482.557379,699,626.429778
342.381165,529,626.563383
506.460897,699,627.48887
1345.166417,1720,628.679367
820.451328,1043,629.022674
606.889005,811,629.224518
1014.321246,1215,630.29398
407.580107,707,630.484229
383.209698,676,631.389747
627.859932,946,631.677472
328.47928,478,631.802855
671.447374,998,632.795556
372.503718,520,632.947806
537.495543,724,633.128962
476.983791,802,634.107596
273.683307,429,634.240706
769.519907,1135,635.307416
580.38985,914,635.594121
690.11148,1070,636.629061
859.158773,1012,636.963939
924.136013,1121,638.020838
1192.746364,1733,639.200118
1577.031699,2036,639.824423
1251.776302,2031,641.074954
472.532688,630,641.90329
332.082204,482,642.06215
376.641448,559,642.214632
236.978105,393,642.312152
287.423876,443,643.094743
612.216604,952,643.396027
676.212767,959,644.33747
561.06173,719,644.581496
389.583838,697,644.763146
1408.885632,1767,645.997804
481.023164,644,646.853491
601.051763,763,647.115126
511.993092,780,647.324415
480.688892,776,648.242494
300.316595,607,648.447858
340.526589,650,648.622694
732.441148,998,649.664095
301.264705,563,649.856802
341.956005,640,650.033022
683.077612,869,650.948247
293.565036,543,651.128259
222.92172,446,651.254483
442.32465,723,652.191757
1607.251087,1947,653.476815
740.698104,1041,653.85928
353.370993,606,654.030957
818.38214,1128,655.098198
475.321347,782,655.297852
1730.60049,2254,656.594438
256.030844,528,657.405144
246.731972,507,657.577937
667.754433,961,657.842224
292.379678,593,658.669531
838.114456,1013,659.061387
937.968343,1239,660.24328
1069.41157,1449,660.671724
436.067845,751,661.541315
589.215359,883,661.80406
841.666161,1211,662.800883
860.702224,1215,663.150989
533.018737,895,664.117198
716.543168,900,664.415191
709.008744,868,665.34503
1595.047369,2402,666.728459
1237.419438,2048,668.011329
551.588904,735,668.218314
566.434877,903,669.164596
647.560458,1086,669.533296
796.192927,1198,670.667703
632.846326,1002,670.937023
610.469296,1012,671.999497
1071.321779,1238,672.327111
424.098521,594,673.166152
775.647909,1142,673.51496
552.649292,887,674.527284
400.983844,712,674.746327
471.175891,795,674.945744
323.962449,664,675.82899
533.990984,860,676.085103
348.760258,655,676.258798
559.269533,721,677.214515
841.801757,1234,677.547003
376.513875,664,678.436974
515.558251,880,678.690202
559.009019,931,679.649858
416.755288,700,679.88399
737.837565,1126,680.917729
529.514223,872,681.21467
405.75935,742,681.404804
799.316282,1253,682.44305
405.311117,569,682.600142
515.452314,691,683.447838
1820.244796,2030,684.737056
685.833138,1106,685.11013
505.543697,856,686.062961
757.609656,1209,686.47564
378.344284,710,686.648715
480.202072,654,687.545312
506.470123,808,687.78367
1459.725169,1631,689.023495
367.011187,696,689.222311
510.354362,813,690.198485
475.44196,773,690.458361
545.076953,878,691.327704
502.816029,884,691.638947
345.963408,640,691.82358
1532.834967,1841,693.003005
331.062059,480,693.129764
320.21397,462,693.96316
361.605388,506,694.143766
1302.536254,1453,695.336844
737.536689,935,695.678208
307.05215,450,695.799206
508.893138,671,696.611303
890.948347,1414,697.069239
270.817915,441,697.182719
362.075965,504,698.014203
981.395995,1605,699.137996
472.9655,654,699.380556
704.448246,1056,699.683953
1330.679752,1913,700.991677
695.240764,1272,702.062994
521.925225,684,702.255881
574.342301,740,703.150592
254.165106,433,703.30828
184.75261,318,703.417562
320.304299,466,703.555136
640.615503,810,704.469222
675.379181,1070,704.822092
542.232482,731,705.06396
228.707429,378,705.91334
1867.933222,2094,707.262126
255.395731,430,707.413316
459.90997,610,707.596214
1281.446593,1628,708.82273
622.75014,862,709.060242
425.629832,609,709.909909
760.548392,1132,710.286358
246.795361,415,710.405849
545.953404,881,711.365972
996.606081,1421,712.388327
481.480275,657,712.618228
569.394222,870,712.853985
223.453901,378,712.944532
971.712749,1139,713.94589
791.690906,1031,714.90738
252.525779,414,715.079201
497.752058,782,715.361911
1003.935999,1182,716.397629
359.004154,498,716.564247
1459.68194,1899,717.769402
297.086794,449,717.913823
661.830798,906,718.85862
1904.600219,2045,720.156873
245.985418,405,720.309772
316.755989,459,720.470302
748.526842,1148,721.482049
1517.226125,1656,721.985084
223.796968,372,722.719723
265.855208,418,722.866094
547.750814,724,723.097394
360.360672,495,723.222887
322.290815,489,724.043577
243.812079,398,724.182784
291.691918,437,724.331249
773.836389,968,724.591423
1069.038196,1313,725.761393
332.066467,503,725.895103
753.208576,1119,726.972874
993.656443,1356,728.076842
295.584002,438,728.234806
1072.325143,1240,728.577228
347.156259,484,729.412624
404.475129,586,729.629636
653.870279,831,729.860955
415.72235,590,730.74927
409.412664,554,730.953648
274.715041,435,731.096017
547.248789,730,731.297249
681.35991,904,732.245728
691.030575,909,732.493789
696.687008,1037,733.476041
644.32867,1000,733.743632
386.0079,532,734.532578
359.976508,504,734.717592
800.418826,1191,735.042879
744.74257,1071,736.150125
1210.416327,1686,737.330497
1393.785742,1798,738.488203
842.438974,1008,738.800417
1481.25098,1874,740.043611
1115.413911,1414,741.176181
942.786235,1499,741.606119
1018.151491,1547,742.878738
951.56937,1133,743.850968
741.644564,1172,744.190413
2048.505597,2224,745.495093
816.155843,1284,746.613609
822.710611,1203,747.666148
1123.787237,1634,748.142839
853.683052,1289,749.223438
1015.558523,1873,750.440416
3332.614082,3605,752.989499
868.433035,1080,753.317693
1467.918389,1952,754.580364
1152.086631,1620,755.774412
779.675105,1199,756.780363
490.390338,653,757.023751
682.349386,845,757.262228
640.459382,822,758.171001
767.284382,966,758.485467
292.591158,450,758.598641
522.945553,716,759.469941
2560.924663,3355,761.170893
776.071439,936,762.180123
353.849325,506,762.320905
217.989805,378,762.417253
740.024848,925,763.404175
288.224458,446,763.559811
1107.166988,1278,764.557845
205.064398,366,764.685427
1294.324201,2050,765.952569
3038.807653,3406,767.678609
926.210743,1098,768.789641
312.938257,460,768.924668
431.825833,588,769.08205
646.554955,841,769.987652
385.071329,535,770.149409
564.632639,741,770.34264
300.210765,459,771.233795
549.418628,724,771.496542
897.017394,1093,772.4661
2147.140269,2524,773.917064
411.303759,592,774.113932
409.190229,556,774.258831
2142.842109,2314,776.196989
932.189091,1115,776.627662
591.412197,837,776.865642
312.079672,458,777.798409
519.367997,669,778.029554
1156.592146,1317,779.081845
493.057718,659,779.308158
248.277666,413,779.427036
1457.980702,1919,780.630901
961.62054,1526,781.793395
395.024456,547,781.961283
272.496878,436,782.082807
880.105173,1039,783.072935
497.154315,663,783.260462
992.283763,1443,784.348665
349.155218,495,784.493399
460.452346,637,784.652076
1710.74923,2284,786.723591
800.836602,937,787.0321
277.077055,431,787.144591
354.369398,540,787.273706
499.028483,689,788.248952
359.116934,498,788.39117
323.907295,496,788.516034
1404.079791,1604,789.74709
2154.134275,2478,791.158384
904.625494,1239,792.281072
1145.79877,1543,793.412642
1340.692447,1890,794.706553
644.466771,864,795.007423
449.084859,645,795.186074
1131.226047,1309,796.483853
208.852943,359,796.602419
462.624858,695,796.792412
1380.593392,1637,798.121136
404.345163,544,798.91127
1214.074121,1644,799.440251
868.969757,1215,800.511874
1471.69861,2114,801.861828
947.713052,1553,803.069038
987.63943,1293,803.463552
893.959388,1215,804.482435
634.880718,940,804.728041
382.056438,530,805.564267
1473.986552,1874,806.791503
1402.275755,1730,807.384075
366.604829,516,808.203277
1134.82152,1593,808.651107
277.503748,445,809.485116
856.268438,1098,809.814836
2607.977039,3012,812.028474
251.107296,412,812.18376
1400.977964,1913,813.54802
1035.935555,1264,813.900699
762.780581,1005,814.881604
902.406871,1099,815.20521
1914.961545,2494,817.282454
1176.925012,1573,817.783558
1384.862756,2133,819.140338
780.912061,1177,820.216949
930.913866,1354,821.308067
470.33788,610,821.561378
1692.807709,1982,822.903749
348.156692,506,823.056368
437.99373,585,825.253056
479.22762,634,825.774483
520.374916,668,826.332366
429.606305,573,826.838031
546.310257,697,829.129457
1559.162068,1947,832.802476
1580.784217,1737,836.377212
1305.533685,1434,837.608791
372.196814,517,840.019337
1019.565749,1577,841.399012
1193.408014,1557,844.773072
1353.660193,2215,848.761657
2049.319059,2615,853.065559
2680.983917,3310,859.956512
2124.370673,2307,864.036813
382.22297,573,864.543533
658.557993,851,867.275098
1203.056332,1378,870.870346
653.243657,831,871.690432
513.13985,678,872.758743
279.515666,438,873.21984
302.80226,446,875.622058
309.281373,451,876.10639
289.054871,434,876.502201
569.868532,755,877.16412
987.458385,1171,880.181956
329.836184,470,880.600933
1290.75939,1459,883.38445
411.584885,555,883.560904
256.846879,411,883.715443
1941.628547,2197,885.614121
1220.782205,1399,885.992275
404.944135,555,886.743899
527.89454,712,886.941432
1658.978379,2329,888.174369
691.933617,865,888.400886
390.208679,565,889.195334
1329.031998,1958,890.292451
497.500737,645,890.465021
515.694769,664,890.623945
939.689567,1491,891.603824
419.586137,571,891.738935
1284.766151,1897,892.831668
654.826696,832,893.648101
778.037184,1230,893.976561
351.934872,495,894.117651
722.596136,1127,895.050084
335.954752,484,895.16536
819.233672,1037,896.048171
964.607271,1356,896.401742
470.429928,664,897.18927
1291.873524,1540,898.195886
966.87371,1164,898.521935
2859.815892,3048,900.580416
266.487778,412,900.696811
1758.645966,2041,901.815182
558.852311,733,901.998694
465.209619,652,902.151087
1308.009886,1864,903.241293
853.815866,1037,904.155331
567.802701,779,904.346395
1493.122386,2106,905.510755
466.977898,637,906.288065
411.293626,590,906.454164
1713.532859,2469,907.693517
628.453979,818,907.888427
413.297426,569,908.662188
528.300224,678,908.834627
1507.90697,2086,910.011157
910.513353,1307,910.944611
1396.39379,1545,911.328497
406.874246,579,912.122391
1552.266501,2085,913.386888
897.995511,1296,913.759616
1396.035099,1977,915.061333
2314.16843,2523,917.120964
685.652454,1108,917.477659
671.695533,855,918.371969
1544.283459,2000,919.649509
974.584174,1228,920.049783
640.557663,998,920.991901
1096.610927,1509,921.408862
664.509881,996,922.383338
869.014649,1228,922.717256
631.693321,968,923.710646
664.700518,985,923.969224
826.790316,1150,925.027025
574.769438,752,925.225314
824.818798,1162,926.23605
454.600774,850,926.456031
634.79632,946,927.396847
509.963396,819,927.639228
497.162486,773,928.494634
783.879086,1140,928.861328
658.730592,942,929.781133
502.498593,845,930.126769
419.256712,710,930.309911
787.752322,1083,931.29589
516.747005,839,931.518829
446.024942,749,932.384767
509.974952,825,932.651767
503.457163,825,932.859055
498.330692,903,933.817191
534.950653,847,934.044811
540.063033,860,934.99184
501.340511,834,935.252136
556.506045,830,936.1387
767.260636,1063,936.482937
375.235615,665,936.648541
410.005367,715,937.547283
974.373945,1316,937.934592
470.054073,645,938.79202
627.153511,800,939.050077
401.412817,694,939.22488
702.706025,867,940.220947
843.105621,1219,940.547156
797.248013,1347,941.618095
531.837898,706,941.795145
503.006414,788,942.700112
795.906854,1164,943.017232
606.383867,957,943.966722
981.516929,1402,945.016822
679.056157,1037,945.368509
467.790141,653,945.536321
985.944307,1404,946.620935
522.74204,707,946.795496
720.516602,1093,947.809508
713.425916,911,948.051519
897.886525,1049,949.059701
1704.579476,1845,950.26954
2976.076399,3439,951.885547
577.1619,868,952.833884
707.866369,1092,953.12078
973.297215,1363,954.193072
786.624575,1194,955.219279
942.462666,1640,955.693258
2246.734039,2763,957.8003
428.120036,577,957.973325
259.302529,413,958.078068
343.855178,494,958.860725
952.463541,1622,959.351698
2440.606913,2989,961.649769
1324.862992,2159,962.934343
680.092665,1105,963.238467
776.402054,1270,964.2913
1086.858315,1858,965.507863
1992.828885,3140,967.102977
1892.63407,2756,969.26266
1301.455031,1765,970.408412
1412.559026,2069,971.738404
953.126806,1446,972.171615
705.231981,1182,973.197554
722.932542,1139,974.162689
1702.011942,2405,975.569721
1415.728931,1596,976.093295
1069.746975,1477,977.212564
507.600971,664,978.035768
1124.877894,1664,978.536351
1057.796424,1481,979.648756
709.569284,862,979.872151
1000.527001,1404,980.989261
1198.81188,1355,982.078414
1355.957201,1700,983.222124
622.309771,966,983.535881
485.124354,659,983.717038
598.766355,950,984.690458
581.586483,745,984.919653
500.961755,781,985.788168
370.164703,521,985.976148
702.217133,854,986.244788
698.089086,1014,987.220095
542.653952,814,987.45202
818.619574,1097,988.408228
1233.670539,1521,988.839213
789.274872,949,989.793807
789.388171,1061,990.065422
473.079331,735,990.97526
553.75183,722,991.194566
440.363023,737,992.076283
594.728843,751,992.338624
696.106742,954,992.607537
735.889678,1134,993.610121
942.147956,1255,994.615889
502.665673,768,994.891962
904.736975,1223,995.879177
332.964192,476,996.044781
524.937397,801,996.37752
888.004432,1058,997.3728
627.169289,911,997.662359
1089.504553,1405,998.711996
605.356441,929,998.97927
735.39911,1050,999.932475
464.693609,755,1000.157252
948.827599,1106,1001.106495
389.661347,539,1001.285032
924.227175,1248,1002.309427
728.598163,1047,1002.664153
723.712177,913,1002.922477
965.416165,1340,1003.976763
677.270914,820,1004.879666
1650.85247,1934,1005.473668
353.658283,512,1006.336782
401.494745,551,1006.549196
525.181995,687,1006.76977
730.412819,1030,1007.756203
379.154723,529,1007.938311
292.723443,444,1008.056724
649.989494,950,1008.978179
439.462282,587,1009.158728
942.439516,1125,1010.122474
552.710056,933,1010.434078
1000.923407,1335,1011.485872
1374.708444,1669,1012.659604
661.486742,856,1012.954791
1504.144825,1671,1014.064294
1026.180663,1380,1014.44731
372.272595,534,1015.275554
247.347179,384,1015.408126
414.952533,568,1015.565894
198.929969,329,1015.647903
383.272989,513,1016.428348
250.728774,397,1016.567152
458.956017,629,1016.764815
1216.262184,1353,1017.857546
246.85654,384,1017.986929
1373.853691,1716,1019.152476
448.59629,615,1019.355011
248.41424,386,1019.458268
553.971907,704,1020.305471
453.298544,613,1020.521395
436.737236,587,1020.692904
420.905955,586,1020.842525
609.097034,756,1021.755033
262.54125,432,1021.902128
1433.616026,1592,1023.08084
1975.397754,2385,1024.419527
219.492638,366,1024.521351
329.706363,466,1024.650499
650.485155,802,1025.572289
219.607592,352,1025.691603
1068.301424,1232,1026.690246
537.816408,720,1026.953866
379.382875,548,1027.133604
208.605365,346,1027.238324
1946.184854,2279,1028.651831
557.55826,732,1029.594612
304.518526,431,1029.744251
436.768415,621,1029.923569
178.52896,311,1030.006074
492.488987,661,1030.893872
454.346261,624,1031.090473
415.479506,548,1031.237995
700.995555,884,1032.247401
310.200407,477,1032.406483
691.861484,852,1032.636025
1199.089084,1545,1033.790757
165.091336,294,1033.863278
563.059602,733,1034.749131
230.47459,369,1034.873665
614.964901,798,1035.086831
461.616548,593,1035.8959
2030.568216,2144,1037.173807
355.990162,509,1037.359731
288.910672,423,1037.482849
447.80866,615,1037.638418
1263.921348,1621,1038.785643
1260.687745,1658,1039.951417
464.330506,626,1040.129577
526.425175,708,1040.985924
1172.41264,1485,1041.406098
1010.162772,1305,1042.463006
1011.443269,1343,1043.51967
811.074445,1082,1043.869139
918.713791,1251,1044.905581
742.033034,860,1045.163699
186.021156,323,1045.248231
1026.646477,1139,1046.260715
483.667407,630,1046.423905
432.451793,559,1047.18437
425.369198,595,1047.40356
714.088027,1003,1047.693056
299.431926,456,1048.451295
1481.04462,1574,1048.929745
484.271024,661,1049.802139
786.168661,912,1050.099638
548.7746,682,1050.268775
483.361677,652,1051.119181
1919.695654,2093,1052.366284
803.174092,1114,1052.748457
1003.797448,1265,1053.813634
536.706956,795,1054.046406
1323.39381,1651,1055.217734
1182.333204,1490,1056.312787
1628.415256,2090,1057.592594
303.791413,434,1057.765818
1215.044991,1375,1058.880062
493.174737,654,1059.111413
870.761573,1039,1060.113424
248.702901,399,1060.260233
194.388366,322,1060.375391
567.787491,738,1060.584543
331.472734,463,1060.700697
1836.38026,1925,1061.957257
538.221392,744,1062.870974
722.028357,852,1063.13888
1286.357458,1388,1064.227984
845.555124,996,1064.495536
2054.168651,2139,1065.787919
190.661926,321,1066.534601
1296.953897,1460,1066.98761
1102.133953,1489,1068.129379
1562.753209,1899,1069.332449
987.26898,1318,1070.338515
236.862472,381,1070.475745
1138.543359,1438,1070.869428
306.144136,448,1071.666789
1075.937801,1248,1072.042259
313.509305,483,1072.812954
617.565201,821,1073.107325
751.346214,1037,1073.383314
484.784382,751,1074.264476
730.979439,952,1074.536497
332.991331,474,1074.653746
423.006172,553,1075.539598
443.719125,685,1075.746128
1028.434277,1285,1076.795744
1050.136982,1317,1077.170147
617.532897,900,1078.132436
271.403815,406,1078.26315
685.211914,807,1078.472498
490.604107,709,1079.379077
404.207575,664,1079.583164
270.706628,405,1079.688603
372.592132,503,1080.470652
597.467449,876,1080.77351
806.776451,1101,1081.068676
515.594213,642,1081.948098
1164.271886,1406,1082.327187
1186.945282,1475,1083.475173
634.397146,911,1084.412024
503.964538,726,1084.634319
547.754226,812,1084.84578
939.57187,1207,1085.885885
526.726766,806,1086.097513
507.889031,677,1086.962876
709.97427,868,1087.226763
834.215174,1092,1088.188699
817.556226,1085,1088.535707
618.033599,891,1089.437407
570.002156,737,1089.659836
980.61251,1341,1090.662978
1284.642931,1558,1091.11703
1075.526925,1335,1092.198905
598.471734,740,1092.388299
482.533079,630,1093.267719
599.523994,751,1093.520303
600.715735,893,1094.441896
1026.105957,1311,1094.868275
676.131078,823,1095.744309
528.686489,805,1096.068349
520.943441,802,1096.290429
416.68679,680,1097.150191
399.529985,626,1097.35829
1089.981649,1305,1098.424302
762.994363,1031,1098.777637
707.408921,991,1099.715047
423.913274,572,1099.9186
745.872152,1014,1100.190568
1270.87724,1495,1101.297182
663.935727,947,1102.213095
1180.36247,1446,1102.6522
458.973939,626,1103.489222
984.247307,1108,1103.851633
716.909376,1020,1104.79395
481.286376,621,1105.00493
600.297593,760,1105.206389
1080.88238,1244,1106.228924
1134.904961,1411,1107.264938
586.724203,897,1107.556729
762.634851,1094,1108.51415
1434.35319,1588,1109.011964
554.466373,719,1109.895088
561.35453,704,1110.119135
540.322099,676,1110.293595
343.429803,487,1111.050013
791.44906,1064,1111.378425
1213.310347,1526,1112.509511
785.672154,1126,1112.804818
2007.858966,2333,1114.894724
734.936369,1066,1115.243623
385.70643,523,1115.384096
322.01292,468,1116.14235
464.550649,598,1116.343482
1310.861871,1779,1117.529553
1480.753699,2051,1118.816678
2883.355933,3079,1120.440137
3381.434301,4014,1122.932991
569.075953,730,1123.786771
1476.147976,1588,1124.357315
524.776009,667,1125.245732
394.556814,531,1125.430544
288.347213,426,1125.563371
341.785347,493,1125.693752
1178.709978,1324,1126.763761
811.248165,1161,1127.732582
385.976079,535,1127.933963
277.039722,417,1128.065472
556.558404,686,1128.24547
1479.503605,1912,1129.516522
679.455792,850,1130.452011
1149.647434,1511,1130.876468
1315.068467,1729,1132.069656
1049.559698,1410,1133.14871
2059.874922,2244,1134.52705
1496.026194,1930,1135.77995
1360.920271,1494,1136.880471
1110.730336,1568,1137.965074
1781.278107,2549,1139.413431
1470.814061,1677,1140.553818
1008.590618,1399,1140.993394
1279.760016,1622,1142.242697
1046.031834,1431,1143.356434
582.635605,868,1143.611039
1575.819337,1975,1144.911326
1061.812729,1413,1146.013262
873.834282,1241,1146.340926
1202.672626,1339,1147.432141
726.599904,1058,1148.389486
908.536121,1320,1148.803438
1141.525526,1633,1149.967424
619.44234,776,1150.16666
1063.873106,1531,1151.293113
2711.241842,3191,1153.566401
2649.904076,3253,1155.217448
2132.374592,2759,1157.346545
2404.690174,2859,1158.859666
828.126009,1028,1159.855879
649.517925,788,1160.140072
2112.93971,2691,1161.565072
1125.249326,1285,1162.611488
1565.861057,1651,1163.752703
530.905083,705,1163.975142
924.170291,1365,1165.04853
976.1154,1499,1165.483071
575.734226,717,1166.376245
785.523936,1122,1166.686847
703.024244,1011,1167.639374
2049.66619,2777,1169.108613
495.554236,638,1169.932724
2307.109717,2581,1171.424663
456.117065,621,1171.61454
306.332178,450,1171.731426
2016.135485,2437,1173.081653
371.742236,509,1173.921354
393.525575,533,1174.092067
405.418651,545,1174.235676
1291.971364,1519,1175.392865
403.557712,543,1175.542078
2082.289227,2173,1176.850626
1316.751458,1466,1177.964704
682.806946,888,1178.19
1725.325924,1842,1179.38524
788.99772,921,1180.344246
508.810691,649,1180.535595
1378.777173,1528,1181.660957
2457.785364,2953,1183.184578
1984.086237,2671,1185.280162
446.236787,609,1185.493874
732.431332,901,1185.74398
2193.743007,2551,1187.829701
2286.121969,2614,1189.270481
2408.726641,2726,1190.862413
725.920779,883,1191.767551
2410.115067,2802,1193.313678
2866.383994,3190,1195.553876
2220.816908,2586,1197.049515
2559.98423,2861,1198.506591
2196.571403,2565,1200.527802
2440.897925,2833,1202.081969
2784.683646,2847,1203.529815
2644.226876,2888,1205.720896
3121.93868,3253,1207.415353
2948.364915,3266,1209.696983
2567.872372,3103,1211.300555
3548.976055,3663,1213.70232
2466.34488,3033,1215.875177
1954.717227,2697,1217.414634
2896.813204,3447,1219.719356
1227.484836,1720,1220.219332
909.321887,1233,1221.314278
752.727917,1158,1222.309544
889.301652,1317,1222.709506
823.027766,1184,1223.743271
508.919235,806,1223.965145
2636.14324,3179,1226.198571
637.18386,1016,1226.499208
584.508651,973,1227.494098
519.343837,813,1227.736808
644.484163,1005,1228.679114
887.251624,1320,1229.087996
717.121966,1088,1230.054796
816.642793,1203,1230.388592
2219.178336,2860,1232.651081
963.050383,1332,1233.007884
592.161131,886,1233.964692
474.197952,789,1234.172064
469.939125,757,1235.035842
657.300188,1005,1235.338453
778.900039,1133,1236.308676
509.704876,822,1236.563084
739.938561,1123,1237.646708
590.268321,932,1237.955345
423.13987,755,1238.143331
792.236063,1153,1239.195187
1715.71128,2326,1240.512824
1609.859965,2247,1241.867448
896.837427,1362,1242.9778
795.959902,1204,1243.980184
1552.620034,2253,1245.31494
1712.276249,2311,1246.634296
675.647601,1077,1246.977159
1729.201083,2344,1248.340719
526.177496,881,1249.318607
2054.872263,2532,1250.739818
1921.370694,2418,1252.11532
1832.810451,2434,1253.548789
633.684998,1035,1254.542633
737.330053,1054,1255.476313
483.14068,810,1255.760346
454.237774,794,1255.981041
378.180081,654,1256.777461
1797.044661,2358,1258.278842
1845.632416,2362,1259.694592
960.213537,1378,1260.759439
851.286871,1183,1261.141175
417.919704,692,1261.327451
586.78691,895,1262.280939
658.044225,994,1262.562019
1552.478232,2197,1263.862581
1611.689338,2207,1265.819796
2205.289585,2554,1267.236358
1735.685922,2266,1268.580827
2310.688044,2461,1270.011509
857.764796,1019,1270.957848
1923.956324,2185,1272.402068
1947.224257,2259,1273.875994
1925.281603,2176,1275.181884
1972.556651,2143,1276.394871
768.471638,937,1276.644152
469.916571,628,1277.48439
1574.069128,1749,1278.636229
887.966109,1106,1279.008665
1262.857408,1382,1280.048465
1779.010084,1920,1281.212702
1699.718337,1867,1282.391989
421.489035,602,1282.604001
2043.410847,2169,1283.960732
966.456731,1153,1284.989878
941.511807,1132,1285.381875
2172.153229,2405,1286.715925
2051.971168,2169,1288.055036
518.807054,702,1288.913921
1189.947743,1350,1289.319551
1386.212598,1515,1290.433988
2220.648785,2367,1291.723311
813.128095,1003,1292.709576
801.776756,966,1293.018595
2424.810097,2567,1294.403393
2365.728227,2665,1296.494806
1919.581321,2051,1297.742198
1639.516208,1834,1298.994184
2272.054478,2680,1300.487686
1700.167177,1860,1301.675815
2742.618755,2882,1303.241585
2304.577857,2601,1304.663199
2288.167599,2707,1306.800667
2410.290982,2501,1308.241746
2648.510517,2802,1309.702298
967.204923,1139,1310.726077
2821.303892,2961,1312.209931
2370.492222,2696,1314.385735
2399.680356,2636,1315.856288
3047.631087,3248,1318.08668
2776.449635,3095,1319.790711
3392.137133,3547,1322.117321
3358.119073,3521,1324.435307
1147.607478,1310,1324.858037
3057.768185,3289,1327.150755
2614.65503,2924,1328.758758
3116.460767,3343,1331.17411
2959.941322,3216,1332.766314
2455.954468,2791,1334.936774
3520.481195,3857,1337.364833
2794.972919,3168,1338.984522
2467.410559,2944,1341.157874
2386.721422,2944,1342.686466
2690.145672,3066,1344.903793
2820.27309,3131,1346.537287
2735.864298,3092,1348.773237
2677.272756,2905,1350.334622
2575.039411,2775,1351.758159
703.646528,910,1352.746707
2667.971829,2896,1354.256639
2214.943838,2361,1355.581204
2698.220347,3017,1357.805954
3069.020744,3158,1359.391015
2494.033191,2719,1361.53685
420.7244,578,1361.727941
1609.022159,1749,1362.902327
649.590306,762,1363.122422
778.526611,951,1364.046871
252.747569,382,1364.18275
659.730902,813,1364.440933
431.639829,564,1365.247424
916.510978,1038,1365.563798
1362.427672,1497,1366.661345
521.002162,672,1366.85271
488.640757,674,1367.017331
1458.54271,1606,1368.169953
1239.570899,1372,1369.227613
1500.17635,1620,1370.387835
932.930965,1082,1370.709096
321.4171,451,1370.858987
426.383639,579,1371.708006
603.890799,790,1371.961288
407.347308,557,1372.105467
1057.456511,1180,1373.140835
1015.204791,1118,1374.095304
729.238864,873,1374.41381
477.612687,633,1374.612521
579.915949,742,1375.500654
316.760692,438,1375.649916
474.71642,590,1375.817993
305.717016,427,1375.919662
599.575761,805,1376.804987
202.264067,318,1376.914495
375.903875,482,1377.049899
277.284978,394,1377.14889
523.838535,699,1377.999003
319.405233,474,1378.154819
457.11368,631,1378.325661
569.847941,728,1379.166228
530.896151,711,1379.411786
622.812533,805,1379.6395
533.516379,755,1380.553906
703.220348,839,1380.836338
517.396975,755,1381.038864
220.14443,329,1381.765257
478.8155,647,1381.984367
670.863802,774,1382.204949
301.983138,424,1383.060096
968.70893,1115,1383.440243
244.976517,376,1383.53707
242.485183,371,1383.629345
534.589465,658,1384.491833
587.295899,735,1384.772273
335.362374,483,1384.90503
446.327865,598,1385.725744
272.48835,408,1385.873158
759.306976,877,1386.115096
346.632818,503,1386.861587
595.948778,726,1387.112618
390.478287,497,1387.256586
453.67591,615,1387.412558
577.798151,741,1388.309315
712.697475,823,1388.551646
588.211899,764,1389.391927
336.668669,489,1389.565332
760.187913,903,1389.836895
446.420903,590,1390.677731
626.906011,823,1390.970437
343.951456,497,1391.118806
674.183698,853,1391.966237
517.170109,675,1392.197062
1434.565188,1558,1393.293465
288.733999,418,1393.444139
612.877141,843,1393.694134
277.974205,412,1393.801268
1062.451475,1185,1394.843763
1180.095909,1333,1395.933833
798.754803,963,1396.230158
975.705551,1181,1397.206251
369.252286,518,1397.366914
869.625899,1023,1398.268797
565.08306,738,1398.530048
976.95156,1205,1398.845612
975.714949,1210,1399.88739
249.597612,395,1399.997069
472.83535,652,1400.863739
371.296084,506,1401.04613
710.460145,911,1401.311034
812.643177,1065,1402.284986
3451.774291,3711,1404.705257
2503.742914,3097,1406.368664
559.906261,778,1406.563449
450.784524,599,1407.396331
494.761339,634,1407.590695
361.510817,483,1407.713947
1909.017811,2222,1409.046388
474.737323,651,1409.894363
1416.74647,1784,1411.146347
1765.301695,2085,1412.40708
388.743369,504,1412.580153
1675.664462,2029,1413.830099
517.82189,652,1414.02155
1106.990341,1509,1415.133794
421.680026,591,1415.30349
1674.311426,2037,1416.61193
1037.424359,1231,1417.636779
1585.252236,1940,1418.859141
1233.424024,1583,1419.309343
689.851764,850,1420.261685
1645.914912,1979,1421.596134
1960.062894,2272,1422.924802
893.970228,1297,1423.926372
1264.667047,1590,1424.360068
1936.192362,2200,1425.640694
770.741637,1139,1426.685376
1727.261086,2026,1428.014094
1107.467225,1407,1429.122774
725.966488,1016,1429.430383
650.49415,992,1430.360286
816.267415,1100,1430.737694
1785.527937,2074,1432.028685
672.86006,834,1432.929217
2349.052187,2595,1434.378378
563.061437,901,1434.607596
1030.800035,1337,1435.663314
1328.469514,1610,1436.841939
706.46585,991,1437.143104
702.368267,975,1438.081487
1164.44559,1413,1438.491588
731.777549,1078,1439.500551
524.508815,844,1439.726548
1005.21428,1275,1440.798733
595.562535,890,1441.049256
1151.277221,1445,1442.199697
798.385894,1111,1443.160183
765.871001,1059,1443.48109
895.405359,1166,1444.483236
825.771126,1155,1444.808085
511.588453,762,1445.684459
1072.093633,1344,1446.157805
665.746034,974,1447.152488
1329.934352,1588,1448.251564
499.286632,805,1448.529151
1209.141631,1514,1449.614895
918.254099,1224,1449.980597
543.397605,788,1450.849465
3060.117682,3191,1452.511511
532.20974,795,1453.39523
468.144172,730,1453.642075
483.204864,744,1453.840392
773.169275,1068,1454.874793
942.544459,1203,1455.889076
1526.901771,1792,1456.478201
1415.160582,1692,1457.651788
449.95492,751,1458.513952
614.00054,899,1458.825987
1056.189572,1321,1459.889192
793.162344,1079,1460.223668
727.973491,1021,1461.173969
1026.030878,1329,1461.572075
614.339982,900,1462.498234
631.235462,977,1462.78285
575.76353,914,1463.691872
566.565801,846,1463.96403
1224.097221,1573,1465.078207
756.331021,1122,1465.387806
547.364902,848,1466.319756
1247.902952,1576,1467.409658
451.967276,769,1467.658234
1600.43766,2016,1468.957649
1325.714774,1683,1470.091091
700.143153,1048,1470.390639
1070.76421,1395,1471.474616
1167.104864,1521,1472.582709
867.538953,1023,1472.902671
726.379884,1151,1473.899988
913.314645,1398,1474.310986
1907.507807,2053,1475.582346
1037.571531,1456,1476.723599
867.462344,1293,1477.765597
2395.272734,3167,1479.358975
1366.725498,1880,1480.58122
312.987584,448,1480.697781
1146.61405,1317,1481.802857
1608.678313,2084,1483.086464
2195.215822,3218,1485.29011
1736.543315,2378,1486.657715
411.993983,536,1486.839038
1560.64773,2042,1488.178115
484.899005,678,1488.347345
979.458164,1458,1489.432332
2482.026027,2911,1491.613931
1511.275015,2058,1492.977237
961.254339,1357,1493.383183
1531.615474,2083,1494.636812
1294.433019,1408,1495.730754
313.257034,455,1495.859463
313.410945,436,1495.966739
868.627301,987,1496.959637
793.231277,1186,1497.328548
241.856205,365,1498.117446
383.374411,511,1498.297755
733.398347,1088,1498.590384
893.478407,1302,1499.653851
787.510815,1118,1500.606704
754.59054,1069,1500.95093
450.169295,603,1501.10396
284.649917,411,1501.908861
767.423846,1123,1502.297105
244.267602,354,1502.405853
432.379075,536,1503.21139
2698.900153,3254,1504.824577
1045.089786,1185,1505.82414
830.950093,951,1506.109975
1202.317792,1592,1507.25013
284.35277,402,1507.428388
1298.358671,1780,1508.652918
447.746372,555,1508.807054
328.786885,438,1509.56836
981.345629,1063,1509.919804
1176.233285,1658,1511.039903
371.112445,514,1511.192434
3048.05914,3615,1513.66768
596.926077,728,1513.861953
394.930924,542,1514.641311
3371.816221,3801,1516.382948
347.534237,469,1517.157906
260.176968,382,1517.293437
1377.162384,1794,1518.526941
652.721461,797,1518.790153
276.753691,407,1518.898567
455.558712,602,1519.705289
527.187694,643,1519.92716
259.353142,386,1520.041656
3239.586039,3828,1522.479367
927.359587,1338,1523.555009
429.84892,562,1523.747584
1328.395424,1469,1524.777914
1875.170812,2771,1526.222543
952.200089,1449,1527.26349
408.101636,554,1527.448183
788.00183,1180,1527.780917
1232.685715,1777,1528.999788
821.810937,987,1529.961632
1096.650132,1535,1531.069636
2814.33076,3524,1532.782654
497.483238,643,1533.64582
2793.463798,3344,1535.311564
1264.89161,1396,1536.370123
2995.138706,3656,1538.732197
585.322818,721,1538.960994
1357.456544,1909,1540.219743
2987.31954,3664,1542.614833
931.927766,1480,1543.728867
1013.903842,1480,1544.186276
2560.164893,3310,1546.460717
4383.143661,4657,1549.188668
1592.320473,2006,1550.446387
1143.593654,1512,1551.529755
1154.765475,1514,1552.59984
916.427087,1308,1553.024306
1007.288336,1440,1554.173153
729.974528,1170,1555.138755
828.277495,1251,1555.554546
1052.444811,1496,1556.68845
2351.763096,3151,1558.285716
2531.209595,3112,1560.5312
2698.801288,3260,1562.105459
2354.922241,2870,1564.329583
2490.943277,3006,1565.889875
2535.966452,2902,1568.051861
2247.120701,2687,1569.535023
2217.711203,2625,1570.992875
2276.546469,2542,1573.27558
2318.435206,2539,1574.832577
904.615417,1079,1575.149154
2472.054266,2637,1577.383341
1357.87525,1530,1577.843751
1168.515475,1333,1578.986421
1724.30452,1876,1580.188632
1296.46403,1460,1581.248586
2089.376535,2253,1582.570439
1094.107585,1269,1582.914356
1603.713657,1760,1584.128765
1016.57557,1175,1585.117941
2239.794669,2544,1586.518424
2219.133451,2560,1588.011983
2458.605812,2831,1590.285408
2626.486913,2804,1591.801151
2426.758006,2736,1593.23041
1884.899277,2016,1594.510992
1216.975578,1367,1595.607868
2709.702941,3119,1597.776721
3004.89515,3535,1599.486077
3294.238628,3608,1601.839053
3822.061977,4630,1604.496488
3691.453405,4094,1607.033695
1013.984748,1122,1608.020591
3311.237212,3663,1610.379027
1419.79486,1915,1611.581302
415.420101,545,1611.769857
2900.796647,3337,1613.96659
1953.848588,2457,1615.406033
398.245004,514,1615.582644
558.777584,709,1615.789471
655.085788,781,1616.692942
4902.444306,5275,1619.630059
219.412636,330,1619.719809
2264.568067,2679,1621.836885
366.379868,496,1621.996688
308.702422,423,1622.116845
2002.068484,2141,1623.394537
234.537701,334,1623.475008
843.79501,980,1624.406487
499.906146,622,1624.586462
602.491489,753,1625.463851
831.519639,937,1625.777088
1560.647321,1726,1626.947277
883.468575,1035,1627.232532
398.472009,512,1628.04346
2623.964363,2759,1629.517885
584.280917,734,1629.748633
1322.207292,1454,1631.382727
1132.685836,1275,1632.372932
166.22386,259,1632.467687
220.506343,325,1632.5453
595.654665,703,1632.711466
1240.752712,1361,1633.895516
970.177334,1104,1634.152475
607.1334,719,1635.337696
275.160199,410,1635.435551
229.042248,331,1635.514614
761.289629,864,1636.543181
546.682524,705,1636.754415
272.414407,392,1636.845778
1013.069856,1127,1637.914977
769.773015,878,1638.141454
404.018049,546,1638.270054
604.146678,756,1639.25798
194.575399,303,1639.329471
326.115919,470,1639.439214
217.694554,333,1639.516546
326.112203,453,1640.379601
171.272071,265,1640.462316
477.559838,642,1640.640825
324.202579,463,1640.747895
364.875503,497,1640.864118
187.206153,284,1641.604156
469.940021,577,1641.799373
296.002132,424,1641.911299
338.801125,466,1642.019495
184.430231,284,1642.084926
318.17942,460,1642.883322
675.948501,823,1643.111433
580.866237,743,1643.283705
310.486661,451,1644.078083
661.989924,823,1644.338507
271.702546,405,1644.446103
269.920645,414,1644.545023
728.022981,845,1645.533447
496.77956,667,1645.702883
306.183461,438,1645.807266
425.654098,592,1646.607608
208.150955,325,1646.716377
400.64885,547,1646.884783
232.238661,371,1646.988389
192.119849,305,1647.060333
432.031938,597,1647.889181
188.444229,301,1647.986171
350.429624,500,1648.123024
367.11495,511,1648.249448
256.169254,403,1649.004944
185.154365,296,1649.106135
482.416271,658,1649.313408
247.799385,388,1649.417053
357.161174,478,1649.534224
487.250888,669,1650.421827
606.662908,740,1650.641419
410.481077,578,1650.786522
366.017685,524,1651.595479
396.829935,525,1651.760831
236.563687,376,1651.861992
393.334947,562,1652.002116
644.021529,814,1652.925699
810.909601,971,1653.199331
432.310739,617,1654.013797
324.579913,479,1654.181092
300.282199,453,1654.318314
465.205478,601,1654.474074
306.675395,458,1655.261975
343.115687,495,1655.440471
457.605611,639,1655.629079
333.212462,485,1655.753724
273.527703,430,1656.509081
518.844612,703,1656.747576
207.757863,344,1656.834282
370.696074,535,1656.966103
775.719108,970,1657.897492
548.656604,730,1658.107944
356.604552,523,1658.236068
474.78498,670,1659.130805
412.449086,548,1659.315306
314.409771,462,1659.441189
520.054387,721,1660.329429
305.679686,449,1660.492347
377.243453,522,1660.651409
728.134522,873,1660.879248
724.583056,868,1661.819687
353.321369,518,1661.964137
455.423787,620,1662.115032
794.591511,969,1663.066918
426.795544,601,1663.229533
309.639679,450,1663.340414
880.180587,1060,1664.337173
471.576146,623,1664.504809
460.127114,649,1665.323878
403.455453,574,1665.535283
559.411945,723,1665.741826
250.0529,405,1665.843016
648.65931,837,1666.763783
633.53412,780,1666.984051
381.364322,537,1667.113539
526.916161,714,1668.020941
584.435669,766,1668.212436
510.891728,681,1669.006101
311.35895,452,1669.161986
334.797479,488,1669.318809
1037.09923,1220,1670.299622
304.913947,465,1670.459396
339.726511,501,1670.61502
269.244682,431,1670.748374
789.513065,1005,1671.721371
363.816675,529,1671.896863
512.61767,704,1672.088882
940.532936,1108,1673.097795
624.703967,783,1673.317735
546.173488,740,1674.143394
419.874611,609,1674.350248
310.257764,474,1674.486318
262.093407,427,1674.597829
340.036682,505,1675.416532
883.988689,1099,1675.81728
379.131513,534,1675.964255
987.838733,1252,1677.021463
718.028977,956,1677.264174
2459.057829,2711,1679.378339
2531.082517,2686,1680.873139
936.819141,1192,1681.901971
759.530156,966,1682.203539
792.479003,1018,1683.134761
361.181359,493,1683.299623
2175.005703,2366,1684.624072
448.695386,592,1684.778008
2422.779332,2654,1686.91775
953.243166,1190,1687.288465
271.172451,405,1687.391647
474.561869,627,1688.297228
429.547966,561,1688.489598
1063.9892,1295,1689.489242
637.297729,795,1689.734442
950.337982,1123,1690.69222
1431.476927,1769,1691.277339
2062.85546,2404,1693.297257
614.863397,797,1693.555855
827.656235,1007,1694.45727
376.167088,519,1694.630675
653.377447,852,1694.876903
1043.560595,1289,1695.908944
1069.634071,1312,1696.339034
289.034745,434,1697.132215
1076.240464,1256,1697.519605
486.584239,671,1698.359597
348.885647,471,1698.520978
980.015592,1216,1698.867911
365.915883,493,1699.779058
2154.570815,2463,1701.167403
2252.708988,2476,1702.617715
750.006876,951,1703.519892
413.394627,536,1703.711349
740.01735,938,1703.983634
235.786135,358,1704.075206
572.489191,740,1704.959877
1092.49088,1280,1705.320922
235.216391,359,1706.054785
373.777662,521,1706.230169
638.685081,792,1706.509894
974.246046,1200,1707.541869
294.472292,437,1707.671669
615.303943,787,1707.869362
292.002425,433,1708.638868
407.819957,534,1708.824838
1950.809742,2274,1710.13381
411.367459,541,1710.274299
197.807405,307,1710.348353
950.474211,1160,1711.321681
1095.523881,1328,1712.387387
378.853269,514,1712.56944
2295.83365,2532,1713.987109
441.630919,608,1714.144698
341.319886,486,1714.944024
264.233041,412,1715.09022
366.667669,529,1715.24817
717.300336,903,1716.127806
670.495158,824,1716.401427
421.576042,576,1716.588256
368.319552,506,1716.721826
314.146207,447,1717.535771
378.033457,548,1717.720198
286.116964,427,1717.84282
812.764009,1009,1718.79056
1998.329227,2278,1720.161465
2637.437004,2893,1721.660182
610.283326,809,1722.576638
1043.956747,1346,1723.006505
534.380053,708,1723.851783
392.758544,507,1724.031415
1950.070269,2204,1725.351755
435.397735,611,1725.5285
535.137952,705,1726.393204
1649.291833,2069,1727.723305
427.545082,598,1727.940205
578.130553,773,1728.152183
265.852557,425,1728.253303
775.656592,996,1729.213517
660.310732,857,1729.440874
523.014468,731,1730.298987
715.869389,970,1730.591183
329.913437,472,1730.709276
2318.906416,2655,1732.811367
482.839272,683,1733.047934
2314.119055,2635,1734.489108
2264.543019,2444,1736.489959
270.57705,404,1736.634548
544.855892,725,1736.89406
2234.967111,2468,1738.250688
2309.89085,2577,1740.272796
618.827741,783,1740.534328
2051.027203,2240,1741.844472
1055.120652,1326,1742.937134
382.607268,505,1743.113174
308.561116,459,1743.247061
2367.580114,2588,1744.648502
464.306763,622,1745.485103
1841.770961,2009,1746.763017
2467.645248,2594,1748.25146
2695.831672,2835,1749.729113
2071.68569,2382,1751.059772
2420.207191,2780,1753.289589
613.278448,823,1753.517988
1706.955359,2102,1754.776546
2695.782227,2929,1756.926927
2406.421852,2702,1758.441996
2244.992811,2574,1759.841862
2653.892165,2920,1762.011219
2395.294703,2770,1763.599296
3054.230413,3525,1765.904845
286.522619,424,1766.035882
505.220125,641,1766.201662
2692.232834,2900,1768.36636
1008.901182,1228,1768.735666
2201.246225,2433,1770.736625
1773.254077,2048,1772.005222
583.093631,729,1772.258226
414.112658,547,1772.420091
157.515596,251,1772.496511
6.510665,86,1772.524032
2517.596248,2765,1774.681607
2092.470363,2325,1776.037471
802.653299,928,1776.300458
186.618078,286,1776.371938
13.508647,97,1776.395673
2349.827795,2618,1778.506466
1978.772932,2258,1779.822279
1827.087327,2164,1781.114258
1853.212413,2230,1782.415526
2007.286034,2350,1783.837881
2001.552124,2383,1785.184405
1985.30025,2368,1786.56794
1574.494072,1919,1787.811751
1387.418231,1807,1789.052102
1427.127429,1910,1790.253271
1317.67635,1746,1791.421576
2099.795047,2416,1792.779184
1624.475025,2046,1794.085531
1155.348249,1628,1795.193776
1598.205061,2042,1796.44545
2192.286999,2574,1797.920111
1428.800633,1893,1799.183728
1356.764837,1776,1800.34413
1000.910742,1411,1801.377457
1603.228792,2105,1802.640244
1087.575983,1589,1803.757837
2135.1723,2725,1805.250583
2075.68505,2711,1806.713049
1381.391208,2102,1808.013262
2677.876312,3387,1810.349962
2331.712305,3098,1811.894778
2679.049072,3327,1814.230329
1979.623277,2813,1815.677242
2590.676597,3279,1817.962925
2197.720181,2998,1819.570298
2035.014418,2771,1821.700331
2357.331914,3101,1823.276471
2662.631856,3358,1825.665421
2565.683591,3284,1827.867477
3262.880172,3862,1829.702278
4969.239195,5247,1833.193711
5999.951351,6178,1836.967737
5782.383769,5997,1840.680192
5655.211653,5858,1844.417732
6847.753722,7204,1848.479699
5184.487762,5755,1852.472334
5745.523966,6509,1856.490084
6637.103129,7464,1861.553741
228.8761,314,1861.646224
1138.421821,1227,1862.615368
1875.737906,1999,1863.900995
852.529272,984,1864.209195
519.895719,640,1864.401992
5841.301333,7360,1869.276081
7291.533638,7358,1874.272738
1274.661694,1347,1874.703354
681.52216,818,1875.697842
2609.00781,2668,1877.35937
2131.679663,2201,1878.821534
1056.607737,1203,1879.991174
401.371216,532,1880.18698
499.718181,601,1880.372239
303.725502,411,1880.484436
411.009967,510,1881.398838
236.767166,344,1881.525036
4612.517554,4629,1884.479026
412.125937,540,1884.629619
1526.133511,1780,1885.98597
348.043728,445,1886.095063
720.239953,845,1887.093643
1764.76417,2051,1888.581218
1642.057421,1905,1889.830522
940.448155,1185,1890.269267
748.14844,821,1891.226841
221.17082,317,1891.352137
238.373622,325,1891.472255
1879.668595,2162,1892.847977
600.348414,721,1893.718862
286.17168,380,1893.858697
457.429212,556,1894.059626
1925.467472,2366,1895.421396
396.465506,504,1895.557723
1737.614581,2163,1896.837896
3234.64807,3642,1899.265486
971.803664,1059,1900.24369
1219.698018,1318,1900.593841
3113.844192,3427,1902.90959
3247.516568,3826,1905.401015
3316.403813,3766,1907.834382
3582.74134,4122,1910.479007
3374.557934,3921,1912.981552
3199.571475,3663,1914.703696
307.493006,406,1915.529406
2807.787317,3298,1917.153965
2497.745665,3046,1919.352449
2461.213209,2902,1920.885316
2722.830031,3121,1923.082708
2534.770041,3104,1924.67114
1375.33621,1473,1925.767045
3684.335838,3915,1928.247826
2850.213033,3383,1929.850693
338.493137,436,1930.64807
1721.159695,1820,1931.89326
2769.440014,3316,1933.541639
1121.113775,1501,1934.670517
933.145917,1295,1935.665712
3110.719663,3634,1937.447504
1262.474096,1558,1938.569206
625.223685,911,1939.46867
489.53117,770,1939.731599
493.283619,739,1939.934112
539.562715,826,1940.817866
3017.421654,3545,1942.543851
486.576072,744,1943.399917
635.956728,940,1943.679157
1054.701833,1352,1944.757652
2685.675262,3270,1947.075896
652.83765,934,1947.397528
638.632828,962,1947.647262
1114.670284,1519,1948.761806
2124.410249,2750,1950.946803
654.617977,966,1951.297517
589.070184,877,1951.567696
588.231038,900,1952.535823
510.110961,769,1952.753881
2811.034288,3162,1955.028861
713.048977,1089,1955.357603
2294.482522,2786,1957.572008
1957.935068,2491,1958.973958
1791.002001,2433,1960.330818
1815.599195,2459,1961.695074
2544.336956,3013,1963.929609
2124.935147,2683,1965.381902
772.153282,1115,1966.33624
578.195417,882,1966.638723
443.401467,734,1966.865421
918.724531,1292,1967.966607
2187.100766,2695,1969.434402
457.927439,770,1970.290668
2330.303135,2784,1971.837632
469.833298,753,1972.050704
650.251174,952,1973.037723
801.584866,936,1973.287527
823.50877,1129,1974.293372
450.503397,706,1974.485174
498.00249,758,1975.320939
2147.982167,2695,1976.818575
2097.771011,2672,1978.296038
485.509528,774,1979.156836
554.847216,878,1979.444481
633.564542,968,1980.334988
676.249328,1025,1980.668096
610.904063,979,1981.564942
494.391005,815,1981.852014
587.325779,895,1982.113097
547.365362,853,1983.055589
649.915114,1052,1983.366049
2108.888871,2607,1985.420079
1851.134803,2451,1986.827836
2056.760313,2524,1988.320809
2362.244518,2702,1989.756246
499.611194,613,1990.578361
3052.408024,3085,1992.201753
2484.770458,2732,1993.674338
2251.290889,2580,1995.787305
2164.535897,2462,1997.150585
300.311373,411,1997.275571
2383.285936,2522,1998.703116
2304.0498,2360,2000.052711
2326.303774,2392,2002.078151
1768.777445,1891,2003.339664
2125.062055,2227,2004.659757
1007.405649,1154,2005.007288
573.881171,699,2005.870097
2207.450377,2311,2007.165465
668.391967,799,2007.408903
1456.84688,1589,2008.644079
876.251141,1030,2008.937693
1144.732301,1295,2010.049464
348.061012,468,2010.175791
674.735678,826,2011.049084
572.992184,693,2011.286606
1603.381759,1773,2012.414332
338.753349,460,2012.569665
2526.743588,2697,2014.001479
1265.665026,1441,2015.105571
388.078667,496,2015.231002
1967.906286,2130,2016.538446
904.755804,1078,2017.515171
1348.998184,1499,2018.628903
386.984629,497,2018.809932
359.75964,473,2018.977935
1204.184626,1336,2020.046072
1158.581278,1319,2020.423129
2343.377435,2472,2022.445846
366.53827,485,2022.616559
384.65365,495,2022.803446
1324.394023,1498,2023.881786
1345.438092,1521,2024.943273
1642.215072,1781,2025.469389
552.699482,679,2026.339537
1011.076441,1120,2026.66105
597.380569,738,2027.574172
396.055537,530,2027.749613
426.796114,536,2027.91275
1002.814637,1136,2028.916869
649.856081,804,2029.170621
593.635647,733,2029.367994
660.420905,795,2030.27779
306.492569,422,2030.408819
1010.098171,1183,2031.386329
285.024911,411,2031.529259
413.154717,561,2031.696144
404.91289,509,2031.831733
477.808246,629,2032.673064
848.631745,1000,2033.011993
525.883199,678,2033.201449
1665.138199,1792,2034.395432
368.990666,487,2035.176898
1117.905375,1233,2035.555646
1420.513614,1534,2036.675714
567.075329,710,2036.858856
1546.561163,1702,2038.016419
754.132428,892,2038.954842
5320.508914,5489,2041.86676
922.0385,1069,2042.892149
1938.641498,2253,2044.277281
693.02148,854,2044.505978
1459.7409,1688,2045.652935
398.464653,525,2045.784868
835.007309,1010,2046.758068
330.076581,458,2046.890151
301.045509,433,2047.001505
971.471559,1186,2048.021199
5162.604061,5355,2050.894726
653.957418,820,2051.824753
5222.936176,5443,2055.388051
406.827168,521,2055.566117
4436.325598,4963,2058.300444
846.263183,955,2059.314125
1161.849968,1325,2059.735248
2878.706332,3167,2061.997499
3151.865715,3420,2064.359842
1904.024955,2312,2065.731831
2341.60883,2746,2067.227152
233.351908,306,2067.316564
2353.199472,2734,2069.539877
611.621939,712,2069.799692
2120.090288,2460,2071.159283
1250.255216,1657,2072.242272
1168.01369,1569,2073.315978
140.065127,227,2073.392534
230.156097,306,2073.491505
1192.764218,1587,2074.643484
1881.718243,2250,2075.957807
1281.778857,1712,2077.109548
904.131589,1007,2077.42175
1780.205123,1903,2078.675519
868.685484,1189,2079.706882
443.38052,543,2079.891675
1197.317046,1581,2080.976778
2672.124508,3008,2082.51605
907.994328,1253,2083.494857
1183.09065,1523,2083.920933
1156.627911,1456,2085.081234
773.373932,1080,2086.059509
2000.273213,2288,2087.435352
336.548724,439,2087.580688
1737.287187,2094,2088.856658
2316.029547,2824,2090.41615
1332.682657,1703,2091.58235
1059.372286,1499,2092.714361
1314.586252,1711,2093.861151
854.548154,1234,2094.246995
1198.980938,1635,2095.420637
853.16734,961,2096.359682
1410.797681,1953,2097.57613
834.102935,1210,2097.949008
953.791965,1381,2098.996722
3598.813895,4147,2101.590798
1296.418069,1959,2102.828739
236.012836,318,2102.927228
2713.629052,3437,2105.27532
2889.998912,3560,2106.982884
820.013688,1203,2108.030906
974.848292,1480,2109.130538
3634.501961,4166,2111.708057
2028.360612,2859,2113.169485
2925.291329,3588,2115.565504
3884.077099,4381,2118.258014
3831.179413,4206,2120.859846
663.66065,766,2121.718799
1595.05932,1633,2122.227997
422.115935,521,2123.024152
331.300692,424,2123.174946
3559.056194,4099,2125.748195
2857.7913,3056,2127.307276
361.128028,460,2128.077504
3241.78605,3345,2129.816855
3013.932241,3410,2132.210593
475.125327,578,2132.384111
2584.006874,2651,2133.778859
1503.431872,1606,2135.049506
1790.404591,1900,2136.318533
745.903606,893,2137.192446
646.78922,783,2137.447724
456.398263,588,2137.609779
2760.659661,2831,2139.774384
619.407101,732,2140.042272
371.845877,473,2140.190755
313.831845,427,2140.303211
354.103447,475,2141.097214
2196.509013,2360,2142.466003
1507.552269,1643,2143.521258
606.764185,731,2143.770175
1111.809908,1239,2144.733382
707.82208,864,2145.025641
2456.288026,2625,2146.528115
850.045849,994,2147.471789
828.404119,981,2147.77741
2912.10129,3079,2149.978497
2020.005432,2240,2151.38571
1708.728858,1874,2152.579337
1487.520552,1627,2153.662163
466.841082,601,2153.867828
668.508503,815,2154.098699
1516.824735,1708,2155.257269
623.24601,781,2155.489738
704.749743,862,2156.440207
323.427408,447,2156.580444
1503.925085,1604,2157.708931
764.568834,902,2157.971365
978.076278,1116,2158.942412
565.818314,699,2159.156794
724.413837,859,2160.029566
1174.339072,1265,2160.45001
523.093606,656,2161.295561
315.355378,435,2161.448797
1124.9447,1223,2161.804173
557.769312,697,2162.660555
494.299754,617,2162.86254
426.344732,566,2163.018277
709.775194,862,2163.887656
850.783256,1012,2164.198281
2011.256354,2167,2165.488463
1888.624815,2073,2166.815023
1447.324955,1564,2167.956301
404.193562,521,2168.098627
1545.9293,1667,2169.245554
1328.444921,1515,2170.340185
893.090384,1020,2170.653494
877.015478,1041,2171.66731
941.08719,1075,2171.963771
637.236588,802,2172.861799
1179.125668,1340,2173.237289
820.309042,986,2174.255933
809.944452,973,2174.534713
1187.88803,1378,2175.773808
1051.665448,1231,2176.903761
790.798186,923,2177.230058
1391.946487,1584,2178.447371
939.788501,1109,2178.766986
1230.6661,1419,2179.868537
383.497168,513,2180.009812
568.995816,734,2180.930384
629.752228,795,2181.179415
816.064644,988,2182.087003
336.344839,468,2182.245637
719.021966,856,2182.499351
594.763002,742,2183.342989
364.650131,492,2183.515687
377.246607,513,2183.670947
391.244353,535,2183.811089
374.776059,510,2184.596062
705.773275,879,2184.879798
479.631331,646,2185.036534
404.407282,550,2185.803658
746.362476,941,2186.131174
1480.411376,1792,2187.314397
779.980952,972,2187.569696
3863.787895,4297,2190.137746
3680.6909,3924,2192.716272
981.188061,1201,2193.891654
476.618173,625,2194.095049
3793.031594,3996,2196.677933
2981.269974,3465,2199.026793
3044.413071,3332,2201.266475
3416.124881,4074,2203.815186
3553.045997,3895,2205.597452
2827.210338,3046,2207.868598
449.339874,558,2208.025643
602.553921,728,2208.875551
2989.682796,3377,2210.538424
3085.730742,3412,2212.851178
1983.476102,2377,2214.195405
2435.556335,2709,2215.620317
1668.96233,2085,2216.894766
1860.595833,2194,2218.244516
1626.531174,1968,2219.447955
1530.080895,1956,2220.658051
1824.665916,2211,2222.01309
1661.462888,2146,2223.954583
1816.069921,2277,2225.284602
2413.399875,2807,2226.846963
2152.135995,2639,2228.285599
2049.357026,2518,2230.310995
2411.259844,2756,2231.811169
2106.54221,2496,2233.233227
1559.602401,2032,2234.465583
1750.995672,2186,2235.728921
1710.803746,2139,2237.040051
1367.538216,1863,2238.273599
1376.138254,1901,2239.479706
2061.872932,2466,2240.848126
1652.7225,2186,2242.172873
1213.041637,1729,2243.326866
1285.486098,1785,2244.499787
1278.489241,1697,2245.64354
1258.444417,1753,2246.786927
986.581385,1516,2247.228125
1250.673938,1664,2248.40741
1191.607059,1648,2249.550381
813.944373,1269,2250.553367
1029.907477,1436,2250.984183
986.50916,1390,2252.095613
635.92239,1070,2253.148973
611.373486,1042,2253.475283
1016.964327,1393,2254.506164
670.760195,1100,2254.825664
761.991171,1156,2255.834513
672.899483,1106,2256.130883
644.582136,994,2257.103211
767.136952,1165,2257.417242
675.263157,1071,2258.466388
785.835776,1205,2259.452182
877.890073,1338,2259.907601
1094.216257,1555,2261.062596
743.898129,1155,2262.011777
990.399574,1406,2262.471987
733.890273,1157,2263.499802
886.786345,1389,2263.877606
1178.955089,1666,2265.031046
927.147886,1377,2266.095527
1249.113759,1655,2267.210295
865.792255,1365,2267.598162
853.697004,1380,2268.737725
681.216586,1099,2269.702087
1544.648958,1979,2270.922085
1172.135802,1755,2271.448626
1483.927847,2100,2272.734318
2299.461524,2782,2274.930008
1022.487212,1593,2276.036682
1544.471552,2121,2277.330275
2386.555422,2875,2278.892007
1775.29069,2151,2280.162076
767.142026,1158,2281.100011
1503.346037,1961,2282.295909
1056.863578,1573,2282.761553
536.810109,635,2283.664783
977.378979,1452,2284.06979
1942.888354,2408,2286.049055
1092.248588,1610,2286.523735
1076.686973,1605,2287.659336
1727.490168,2402,2289.023975
1393.300347,2067,2290.26384
1383.075978,2109,2291.549561
1983.516837,2676,2293.667144
2123.238616,2600,2295.098216
960.623449,1433,2296.169138
1268.918236,1791,2297.32357
1284.394893,1825,2297.848602
1577.012861,2205,2299.194474
1735.825433,2479,2301.25419
3128.384391,3836,2303.670971
2110.309356,2961,2305.237564
4010.882915,4643,2307.829818
2120.436786,2795,2309.971628
1433.770798,2093,2311.203073
2214.5806,3058,2312.748093
2308.953371,3088,2315.008919
3589.819696,4125,2317.481968
3179.55664,3782,2319.891159
3621.370758,4134,2322.38165
3535.024021,4090,2324.927481
3395.108085,3979,2327.432285
1806.328527,2657,2328.915838
2642.059677,3346,2330.520261
3107.120276,3718,2332.879772
3230.779995,3811,2335.375621
4077.408154,4517,2338.002438
5099.906617,5706,2341.672161
5002.535267,5282,2345.208023
2922.129314,3522,2346.882781
3972.611484,4429,2350.171731
3029.120663,3685,2351.923409
3212.752217,3810,2354.377742
5211.089923,5695,2358.033064
3822.625556,4284,2360.645084
3522.27527,4060,2363.16877
3115.632215,3717,2365.598771
4327.477744,4753,2368.28745
1558.094963,2013,2369.498037
2711.766908,3118,2371.787746
652.330527,742,2372.02188
661.066129,771,2372.217198
917.842027,1181,2373.261398
1061.596629,1139,2374.185268
3637.184537,4182,2376.878854
4914.358468,5333,2379.793267
1318.113249,1818,2381.026502
1142.236627,1543,2382.140315
408.979928,496,2382.285326
1436.117901,1850,2383.497649
1612.161637,2102,2384.755527
1195.984896,1533,2385.890799
4386.398348,4858,2388.63652
1208.159177,1608,2389.731786
515.482528,598,2389.894969
543.030529,637,2390.765135
938.302676,1278,2391.17163
901.3059,1248,2392.197313
1387.253664,1722,2393.333611
1484.306305,1868,2394.519278
1144.601072,1468,2394.97422
830.396546,1139,2396.007565
806.971306,872,2396.267858
944.461031,1266,2397.307239
926.166241,1215,2397.636892
1188.882383,1472,2398.756119
703.749914,954,2399.652135
809.277919,1104,2399.985303
1440.224979,1723,2401.222343
1545.943193,1817,2402.404981
1027.724671,1274,2403.393247
311.393198,400,2403.532744
1000.229613,1304,2403.902895
460.738023,560,2404.704262
910.536622,1243,2405.074745
1136.151783,1458,2406.212116
705.493398,780,2406.414159
1384.980475,1692,2407.577713
1196.691095,1501,2408.665987
437.296543,524,2408.818232
322.225792,405,2408.923813
951.261799,1268,2409.924585
1951.669887,1979,2411.191403
870.636396,1181,2412.147654
922.286831,1272,2412.561013
1620.74451,2039,2413.856233
446.418361,542,2413.991792
1101.205398,1234,2415.012447
360.33562,447,2415.128613
1567.424128,2032,2416.411958
569.534051,655,2417.215811
401.517147,478,2417.385161
210.116118,294,2417.483064
1223.690257,1631,2418.59025
935.902864,1246,2418.968543
3991.003342,4437,2421.579159
321.996184,403,2422.357859
291.798448,375,2422.483594
1500.884611,1997,2423.722812
306.458629,393,2423.839893
787.813191,950,2424.077808
3521.404884,3944,2426.555578
2599.950897,3330,2428.863357
270.829554,358,2428.961252
222.034154,310,2429.039072
571.082182,656,2429.876773
3272.933591,3607,2431.585113
3076.768794,3511,2434.017193
333.134529,441,2434.12614
431.180859,510,2434.928771
1048.685322,1132,2435.281147
210.479801,288,2435.355593
282.879151,369,2435.455655
336.197387,420,2436.450742
1548.424939,1577,2436.923565
266.150944,361,2437.665954
494.425245,577,2437.868561
3495.008896,3865,2440.332628
490.458762,602,2440.521931
608.498093,754,2440.718746
330.35455,445,2441.552806
551.538578,667,2441.777911
355.489159,456,2441.897982
2071.404952,2147,2443.167608
3031.305695,3372,2445.472169
951.354225,1078,2445.755016
397.043606,493,2446.598245
1752.194462,1869,2447.77499
517.697463,642,2447.995661
2823.093742,3257,2450.207726
2344.583072,2326,2451.595507
2885.266145,3137,2453.161561
200.345742,285,2453.232913
829.034529,975,2454.184734
489.666985,580,2454.360257
1141.823804,1247,2455.367389
1579.168281,1637,2455.828661
1036.565434,1126,2456.878887
4100.925489,4531,2459.467308
466.273408,554,2460.28856
2370.862392,2678,2461.793515
1156.71594,1510,2462.853667
965.208283,1059,2463.197749
1065.898083,1445,2464.227589
1236.677071,1670,2465.354896
1520.213926,2089,2466.630892
3161.809146,3839,2469.020103
927.719931,1283,2469.423567
462.244836,559,2469.563491
3274.229155,3533,2471.928718
2573.198492,3044,2474.125486
870.388304,1241,2474.504626
1430.180944,1533,2475.638218
678.558294,767,2475.83858
2601.788721,2968,2478.091678
2975.328069,3295,2479.717011
2339.965784,2657,2481.824835
1786.936498,1861,2483.168242
987.324605,1076,2483.528939
2514.376003,2867,2485.719085
308.556436,410,2485.855579
2457.313083,2837,2487.55909
654.685885,729,2487.769038
1096.656493,1155,2488.890282
439.850467,554,2489.070435
2557.838151,2704,2492.667392
403.287378,527,2493.078704
584.464779,697,2493.638005
481.385843,591,2496.00239
218.326726,314,2496.140563
2303.85871,2570,2497.550054
433.70197,551,2497.714451
718.655951,865,2498.64763
1869.09693,1964,2499.868806
287.791233,383,2499.979987
1495.237099,1597,2501.05635
486.182308,604,2501.226577
453.329545,566,2501.371743
2623.535462,2754,2502.744305
1166.266347,1264,2503.75078
1831.620192,1904,2504.964401
948.827883,1097,2505.960371
372.488042,478,2506.135111
2443.448249,2764,2507.643203
746.584346,885,2508.578759
1045.198124,1171,2508.962516
603.960942,732,2509.154444
3034.770223,3313,2511.497917
644.096666,754,2511.691967
882.347792,1023,2512.711336
2540.19571,2635,2514.17465
449.101996,563,2515.035759
2329.612277,2473,2516.46769
936.366952,1092,2516.784533
226.54281,335,2516.871292
2650.24131,2935,2519.156578
494.148838,601,2519.314807
954.491408,1104,2520.288432
373.272381,485,2520.460276
518.972634,627,2520.637709
283.204219,412,2520.744591
811.703522,947,2521.699425
1531.820522,1618,2522.829964
834.613011,958,2523.152841
1494.174626,1691,2524.324739
1337.807369,1468,2525.362391
367.589183,480,2525.526987
906.614063,1031,2525.796891
1536.941326,1656,2526.94517
318.614715,430,2527.04747
1856.059871,1998,2528.370587
351.314969,460,2529.283783
1200.169995,1340,2529.697616
632.515867,779,2530.553116
340.182895,460,2530.711778
266.28215,384,2530.825786
671.855377,794,2531.028682
285.197373,416,2531.820765
466.925357,611,2532.025589
384.529822,494,2532.165185
1328.724391,1480,2533.284132
1428.830028,1548,2534.410995
852.910865,996,2534.730466
2484.067712,2516,2536.160808
409.00653,516,2536.995979
449.605518,553,2537.177965
2169.849687,2413,2538.567378
519.507095,665,2538.73319
3320.312881,3451,2541.116342
394.672187,499,2541.245702
319.294954,443,2542.025765
1244.574058,1444,2542.46974
253.987699,359,2542.5579
792.084419,949,2543.571455
1196.361121,1326,2544.605735
957.452417,1151,2544.977148
298.978584,409,2545.077865
1144.839258,1290,2546.121202
1126.023644,1265,2547.112967
705.777274,805,2547.376981
306.958683,412,2547.487489
3014.938977,3066,2549.693354
419.965171,526,2549.867245
744.345983,869,2550.095891
396.590392,518,2550.891498
1350.550758,1495,2551.326694
384.894303,485,2552.10102
584.340597,708,2552.33525
396.85422,525,2552.479161
237.549044,328,2552.559765
356.048586,459,2553.337401
829.150421,954,2553.664713
271.060103,386,2553.791455
233.721905,328,2553.888823
497.284412,630,2554.757949
460.341064,555,2554.943324
613.273746,742,2555.151879
1504.645419,1577,2556.29548
368.51698,463,2556.412816
336.580762,439,2557.171426
607.553284,749,2557.42527
286.956762,392,2557.544697
977.256484,1056,2558.49971
549.282424,651,2558.734238
517.978462,664,2558.950042
712.633562,868,2559.869925
1122.691582,1249,2560.256178
390.161849,524,2561.03949
1022.329641,1164,2561.415893
802.354973,963,2562.331682
363.31585,492,2562.503869
1247.715102,1378,2563.514466
381.927762,511,2563.691073
345.815456,463,2563.855641
487.899156,604,2564.058616
369.372227,489,2564.827842
418.123152,537,2565.021948
427.370705,545,2565.202591
416.365547,530,2565.344769
499.608975,628,2566.167789
931.702282,1033,2566.499186
520.174073,671,2566.672764
488.205837,641,2567.489196
946.838687,1086,2567.812957
624.074934,790,2568.723628
583.815532,752,2568.981143
678.118845,838,2569.267345
574.921172,729,2570.17263
471.368448,628,2570.353827
331.183474,468,2570.472078
683.855042,828,2571.360632
468.685535,617,2571.552387
955.568067,1151,2572.494897
444.471146,576,2572.686708
633.528604,802,2572.903823
558.920508,728,2573.754541
540.68311,705,2573.9934
248.489623,374,2574.10952
809.499316,995,2575.069388
405.426601,539,2575.26456
326.121033,462,2575.396791
380.502812,508,2575.531204
333.733392,471,2576.306161
509.064002,682,2576.535096
999.24125,1121,2576.839916
286.633362,429,2577.654208
635.898742,812,2577.907091
745.555114,923,2578.809926
433.862291,596,2579.014642
351.462482,487,2579.1999
642.089445,805,2579.42274
646.569454,816,2580.350869
559.064817,690,2580.545412
842.453868,1048,2581.502909
375.410877,524,2581.669811
2399.802523,2747,2583.079058
504.339657,693,2583.930445
628.408203,795,2584.181665
2476.738267,2706,2585.663378
868.972996,1131,2586.684523
2572.688208,2804,2588.233275
2968.324651,3186,2590.608628
3283.346178,3499,2592.965757
2314.71142,2631,2594.385559
2761.983337,3085,2596.003379
2924.105186,3070,2598.21435
1587.047137,1775,2599.378417
1796.136387,1932,2600.629664
2162.261153,2331,2601.977967
2681.173762,2794,2603.437204
2275.187593,2404,2604.788859
2369.413404,2451,2606.835792
1173.763946,1358,2607.280921
1116.825126,1287,2608.310496
1721.79023,1819,2609.49345
832.998377,1018,2609.82092
1405.557144,1489,2610.97986
1216.066732,1323,2611.982711
1292.400978,1406,2612.422375
1579.903061,1670,2613.579239
791.290399,969,2614.494223
558.294658,734,2614.735881
707.403026,893,2615.014518
1144.985619,1255,2616.115056
507.392014,687,2616.303645
447.965244,640,2617.128252
697.612298,833,2617.410593
546.459819,732,2617.613029
632.850214,808,2618.542749
1476.236929,1576,2619.656974
570.847099,754,2619.906827
398.672325,584,2620.105167
467.411878,666,2620.949383
460.599665,669,2621.183955
548.862284,697,2621.382694
683.24781,867,2622.25937
431.366152,621,2622.473064
415.749656,605,2622.64596
902.606582,1077,2623.640845
1051.49325,1173,2623.988446
630.267478,801,2624.856301
760.454528,892,2625.124706
1613.124092,1721,2626.321494
922.367648,1052,2626.600831
417.133376,609,2627.450531
449.859824,636,2627.653785
394.807095,539,2627.793716
686.39969,863,2628.719956
456.452589,639,2628.923609
522.715727,714,2629.111705
598.925767,785,2630.011646
497.119064,701,2630.26073
1361.222732,1488,2631.404017
1186.701961,1324,2632.404563
545.995362,750,2632.666283
862.417604,1044,2632.947219
741.273124,939,2633.899934
1588.926402,1736,2635.054769
608.485645,711,2635.296788
1363.417889,1536,2636.440182
1169.384842,1351,2636.818937
513.778102,747,2637.740609
846.878103,1025,2638.044283
733.665535,952,2638.986984
867.610933,1086,2639.307177
632.850531,748,2640.18001
735.819443,974,2640.539479
588.518571,817,2641.40494
1319.324979,1492,2641.862591
1249.31807,1433,2642.962627
693.74045,925,2643.200752
576.893596,814,2644.117947
862.174249,1091,2644.408827
1278.309998,1468,2645.532101
2404.942834,2470,2647.006082
1810.12768,2004,2648.264107
436.132493,532,2649.049155
826.390497,1015,2649.384941
1576.905785,1780,2650.621867
373.935853,454,2650.770807
834.721867,911,2651.698865
983.787173,1179,2652.058156
974.763545,1161,2653.119587
1078.423271,1314,2653.505182
376.421175,463,2654.300904
715.248139,800,2654.573013
1303.002817,1544,2655.701853
560.720345,687,2655.93035
1253.078022,1295,2657.079238
273.51527,365,2657.214345
260.685227,346,2657.32616
1345.767245,1593,2658.478842
1027.432321,1299,2658.863093
1742.635749,1830,2660.134155
1739.529232,1827,2661.389586
298.252133,394,2661.493133
2072.513158,2328,2663.492954
288.974812,379,2663.629043
1595.375126,1841,2664.837822
295.564052,389,2664.976216
299.525538,383,2665.09359
1885.451403,2081,2666.362719
1333.870694,1563,2667.467892
777.40706,882,2667.719486
1637.734721,1902,2668.934948
1445.540683,1515,2670.037714
1550.709957,1815,2671.209042
1057.920208,1295,2671.563903
1197.626488,1439,2672.668229
1602.06428,1804,2673.858151
1295.154187,1529,2675.002546
881.483645,978,2675.294225
540.745259,650,2676.10981
348.971201,447,2676.263078
2841.862529,3027,2677.802618
669.072455,793,2678.70857
947.250784,1183,2679.072654
925.268481,1165,2680.062982
273.252821,363,2680.199768
630.120855,710,2680.396114
317.039051,410,2681.142257
1264.92173,1522,2681.63399
964.418036,1187,2682.625952
788.789805,1034,2682.919276
704.465751,941,2683.861707
239.683718,323,2683.965911
894.620968,1146,2684.913821
1021.477933,1264,2685.32933
984.40872,1083,2686.268455
723.707094,843,2686.552294
828.6151,1026,2687.457144
697.376765,962,2687.775761
712.358398,973,2688.698403
1026.582176,1318,2689.115812
1057.887017,1111,2690.093897
825.319094,1072,2690.421869
3134.524795,3413,2692.765687
1185.365451,1274,2693.740878
537.408557,652,2693.970656
228.073889,311,2694.064943
2553.707301,2874,2695.533084
483.698952,595,2696.369252
401.921811,493,2696.540169
670.909811,791,2696.78284
469.863795,560,2697.60005
2584.741438,2838,2699.147148
675.049035,770,2699.358752
401.953572,486,2700.124502
2327.326546,2522,2701.546453
2241.085392,2512,2703.026642
1276.962456,1329,2704.042897
2518.209718,2809,2705.578261
531.800036,637,2705.745324
289.394257,388,2706.501011
356.153178,455,2706.663403
1374.882727,1463,2707.15954
1276.87925,1365,2708.310574
975.762805,1075,2709.246257
949.07445,1062,2709.576483
236.450644,334,2709.662568
252.823031,348,2710.395887
1037.610443,1134,2710.777083
1173.779908,1261,2711.780959
1582.95383,1685,2712.988787
1118.092343,1241,2713.385825
2515.869916,2838,2715.445646
295.54237,400,2715.587101
338.610444,442,2715.735763
1466.891125,1775,2716.901802
1164.769254,1445,2717.356021
3513.610686,3806,2719.82019
871.183359,970,2720.782317
1994.875215,2297,2722.145755
844.034457,928,2722.425315
1040.28136,1211,2723.477681
929.847415,1157,2724.407548
355.459471,451,2724.556058
422.316835,519,2724.712086
822.784159,994,2725.598986
1420.449319,1656,2726.10159
880.314094,1002,2727.068121
1267.592548,1558,2728.207492
372.845364,467,2728.375244
1803.051579,2171,2729.665546
1730.868502,1991,2730.911012
845.453586,1055,2731.209038
2660.868156,3081,2733.494703
609.821033,717,2733.692253
2951.976846,3144,2735.919591
950.378219,1196,2736.262599
392.465978,499,2737.04965
2528.187162,2580,2738.561348
849.965524,1039,2738.85814
842.779041,973,2739.800338
872.503419,1021,2740.099138
494.635885,613,2740.946284
3370.575904,3688,2742.795203
367.047858,472,2743.620715
1798.104126,1837,2744.784626
533.47276,637,2745.010782
2452.07901,2674,2746.511721
2320.817065,2625,2747.977895
787.373339,921,2748.955133
2254.74052,2635,2750.365458
2048.180202,2176,2751.63757
808.466272,932,2752.563756
1328.879024,1457,2753.011405
1610.243682,1740,2754.205667
1459.579547,1614,2755.341797
622.489756,752,2755.541144
658.782164,822,2756.421009
963.5099,1108,2756.743132
358.066513,478,2757.545459
707.300587,860,2757.85816
858.313869,955,2758.127854
1183.779619,1317,2759.204597
543.712797,710,2759.381023
295.390658,412,2760.152668
1120.541153,1246,2760.534558
1341.039264,1475,2761.608495
471.415998,589,2761.762496
577.345606,741,2762.620005
299.656671,420,2762.764139
1452.596672,1583,2763.921132
609.878535,759,2764.178493
356.361137,472,2764.310581
926.490564,1026,2765.259091
381.464025,498,2765.438371
531.771189,643,2765.638696
987.319933,1082,2766.738238
644.363699,810,2766.981868
521.575327,660,2767.797468
426.790639,558,2767.999295
1275.918894,1402,2768.45271
1308.25556,1435,2769.608831
1340.210959,1492,2770.681422
418.173074,542,2770.839289
573.472576,687,2771.661036
599.653829,771,2771.919484
1108.894933,1276,2772.91667
1701.281603,1874,2773.525635
946.429325,1110,2774.542802
2416.030335,2592,2776.074153
437.997983,564,2776.952348
3328.190827,3525,2778.728518
1387.472396,1531,2779.844628
746.800565,872,2780.07697
1022.15938,1171,2781.110226
2104.758782,2374,2782.445837
802.466124,924,2783.345339
1266.791154,1411,2783.791685
1462.951991,1553,2784.921831
1998.570451,2109,2786.198012
975.172743,1170,2787.150952
753.481032,905,2787.448707
499.549932,625,2787.604166
1107.595688,1247,2788.651291
586.848479,731,2788.871049
742.773852,880,2789.803979
789.805698,892,2790.054696
2350.492404,2448,2791.390368
529.66415,626,2792.226159
880.912676,1044,2792.555157
280.749441,380,2792.65478
1006.49532,1188,2793.695047
338.702633,442,2793.831836
1580.189346,1698,2795.016796
733.886041,832,2795.226346
427.01549,537,2796.021181
745.146864,880,2796.294936
379.457539,492,2796.419537
844.7838,992,2797.378721
1340.523918,1477,2798.433964
1878.587151,1968,2799.73514
504.31629,625,2799.95717
3216.729811,3346,2801.573818
2102.745878,2555,2803.663244
295.249274,393,2803.824901
632.212623,768,2804.064436
699.129428,826,2804.968333
1690.644145,1815,2806.157923
1612.301252,1717,2806.685396
489.289732,628,2807.523803
500.494822,635,2807.730182
1435.87847,1541,2808.837726
807.331701,949,2809.134181
1973.293328,2114,2810.459005
547.860762,662,2811.323606
357.923881,472,2811.477571
503.025901,644,2811.673348
1615.75325,1710,2812.822574
1630.333213,1701,2813.974608
1537.523009,1663,2815.151196
886.39105,990,2815.476247
312.406821,420,2815.586241
1309.550837,1393,2816.658225
1527.00593,1594,2817.771447
333.569082,431,2817.920126
1110.385793,1298,2818.92684
350.67344,463,2819.086858
1702.344052,1826,2820.346224
380.718579,513,2820.507886
270.133355,376,2820.609815
469.546957,602,2820.756718
621.060654,772,2821.668031
767.74223,910,2821.911488
1983.466885,2092,2823.158616
2597.502522,2717,2825.3694
864.810264,1007,2825.70231
683.71655,783,2826.540183
813.685709,956,2826.865975
1268.524522,1363,2827.895538
764.576346,896,2828.19281
817.500771,929,2829.083781
570.402255,700,2829.34988
1111.020612,1214,2829.7252
819.306804,933,2830.683026
835.051507,965,2830.938114
1020.099728,1174,2831.956178
724.76158,829,2832.170928
525.331876,629,2832.979504
2665.397645,2826,2834.495048
1034.321143,1185,2835.517543
475.793804,565,2835.730945
682.964925,779,2835.967355
1844.776624,1962,2837.221421
754.917417,848,2838.100311
704.512822,859,2838.380131
513.404891,617,2838.550655
311.662797,421,2839.308353
627.194213,736,2839.57694
423.283265,527,2839.75071
1409.453716,1557,2840.89523
624.201478,751,2841.10323
615.702356,749,2841.998068
624.661452,725,2842.235935
918.969887,1048,2843.165709
596.101206,693,2843.394513
813.494473,954,2843.652449
490.447717,616,2844.504204
1345.35726,1503,2845.004408
471.18378,597,2845.854074
1671.175008,1828,2847.036529
613.223509,772,2847.303715
436.924464,551,2847.465283
588.208203,719,2848.354708
733.732664,849,2848.639808
840.613826,953,2848.890959
1358.250033,1472,2850.008368
1351.396302,1540,2851.141364
646.383984,780,2851.350015
492.931159,614,2852.175686
459.543536,583,2852.380021
1301.771835,1495,2853.421401
1409.469749,1574,2853.877935
1305.678982,1428,2854.946458
1171.44777,1318,2856.054275
830.293911,982,2856.357457
1678.125475,1945,2857.603595
590.802772,729,2858.454908
1732.893103,1823,2859.01806
1358.908182,1485,2860.221028
1254.308574,1390,2861.287248
1956.466376,2196,2862.596828
669.981097,824,2862.835383
559.497809,699,2863.719102
3885.399527,4661,2866.500795
1522.558638,1662,2867.635676
673.301674,784,2867.888824
2127.795125,2396,2869.265102
3039.69341,3492,2871.652468
701.013087,844,2871.875322
2012.130393,2166,2873.191865
406.258425,516,2874.109567
4493.495744,5095,2877.003488
564.322575,700,2877.826405
398.107698,523,2878.006784
588.298642,727,2878.227687
626.638372,772,2879.073628
1581.903077,1726,2879.59396
3723.637553,4327,2882.189232
1057.687827,1220,2883.211093
454.247584,582,2883.359463
609.136159,749,2884.269112
3287.699507,3321,2885.955748
685.42101,810,2886.878832
1210.540239,1397,2887.272141
942.794972,1094,2888.256568
2048.158684,2128,2889.549829
1345.896776,1541,2890.649419
360.907635,482,2890.808674
432.399967,578,2890.964397
1167.231,1341,2892.064345
1583.766213,1725,2893.217765
301.473335,423,2893.351059
2093.122746,2336,2894.680474
576.427824,754,2894.872526
474.224996,619,2895.730468
561.797735,693,2895.966481
397.830144,524,2896.11176
1524.186455,1766,2897.32791
1058.425408,1269,2898.378709
905.638567,1080,2898.667708
683.391883,835,2899.607574
3381.126874,3495,2901.33422
1009.895239,1181,2902.388534
2254.612186,2303,2903.752958
947.941375,1131,2904.701138
1752.542517,1864,2905.903149
1128.925862,1283,2906.321985
1277.040864,1408,2907.43345
1302.338697,1470,2908.511974
1152.704408,1323,2908.908731
897.067464,1074,2909.851198
1916.549332,2043,2911.123796
1684.987004,1811,2912.364949
608.782196,835,2912.620745
793.572534,963,2913.534606
1730.135557,1840,2914.744933
784.197618,963,2915.062858
626.500171,860,2915.289588
765.685142,991,2916.281947
2870.805948,3094,2917.861713
995.235273,1238,2918.920819
1275.457292,1497,2919.969569
1387.146994,1561,2921.033532
1288.911122,1544,2921.544135
1544.780019,1803,2922.776026
1173.96149,1432,2923.871428
1591.260747,1864,2925.067811
2095.086836,2287,2926.419276
2150.281494,2408,2927.858477
1457.478274,1772,2929.080602
1050.047815,1185,2929.400312
2263.442866,2624,2931.471732
1771.163039,2017,2932.779803
298.352396,383,2932.920095
3766.26957,3840,2935.355994
382.383509,473,2935.48928
5695.293787,6415,2939.390716
1553.849468,1697,2940.544825
748.100587,975,2940.78405
1681.732027,1860,2942.018479
1840.5745,2149,2943.329385
1167.806157,1419,2944.469576
1496.449859,1680,2945.72116
1255.82703,1458,2946.744311
1031.925562,1231,2947.159901
905.072701,1201,2948.199584
6732.287623,7237,2952.258553
683.147777,933,2953.229893
853.761734,1041,2953.529706
1143.897394,1392,2954.657795
1240.763143,1478,2955.718226
709.323875,953,2956.011445
693.09383,906,2956.880641
968.019979,1182,2957.281951
1285.913447,1536,2958.415188
1912.958054,1950,2959.626495
937.048341,1173,2960.569579
5487.973925,5699,2963.645459
1084.251355,1284,2964.697553
4068.514473,4535,2967.354519
1117.590549,1359,2968.446389
387.508974,455,2968.583486
1049.304956,1276,2969.574418
460.952937,527,2969.755315
994.289101,1238,2970.731419
3656.216036,4154,2973.310303
357.112356,436,2973.467089
3442.921939,3519,2975.157116
2206.325002,2272,2977.099716
3524.059986,3796,2978.980483
3258.460132,3706,2981.433108
3868.769107,4323,2984.079969
3874.913537,4406,2986.647857
572.950564,795,2987.535958
1145.129242,1434,2988.631367
4273.919089,4712,2991.387186
4738.873201,5100,2994.263538
535.602872,618,2995.092245
3787.915018,4315,2997.655365
4735.830502,5254,3000.530701
3623.605457,4085,3003.026208
4747.856002,5181,3006.696531
4712.737351,5177,3009.566249
5265.292123,5712,3013.198502
4805.181495,5215,3016.779917
5218.186234,5894,3020.666321
315.534695,400,3020.800938
377.320769,460,3020.948395
4910.617559,5352,3024.557796
2610.669677,2771,3026.048623
866.658476,961,3026.289237
1146.195071,1265,3027.329807
1118.973963,1301,3028.365505
5813.956687,6127,3032.178137
727.762217,863,3032.460995
733.415563,832,3033.374177
867.913841,989,3033.71463
1383.106061,1529,3034.876308
5873.959707,6301,3038.744322
907.61443,1060,3039.077382
561.852492,703,3039.962758
500.138537,602,3040.14634
5166.15695,5622,3043.696454
375.915207,460,3043.847685
2955.001169,3443,3046.129563
1429.513141,1538,3046.592333
1679.650385,1772,3047.794678
2453.203166,2556,3049.932538
451.100821,547,3050.125789
1403.056589,1494,3051.176966
5395.615942,5760,3054.343914
2135.081409,2205,3055.664874
805.626861,908,3056.579774
2000.935416,2187,3057.901419
1326.184362,1488,3058.973792
2219.080994,2385,3060.46646
1035.951167,1119,3060.786852
486.974481,562,3061.594292
197.77979,284,3061.689215
270.498875,339,3061.800237
309.890777,421,3061.916462
205.76163,282,3061.987995
5480.47605,5922,3065.889296
282.530089,353,3065.97857
810.888765,906,3066.946681
448.80816,548,3067.127131
191.598785,273,3067.202371
1762.959143,1946,3068.422289
1508.487029,1646,3069.621882
488.000384,601,3069.791673
633.87138,741,3070.66011
418.326372,492,3070.83384
1576.690894,1684,3071.978883
777.662958,891,3072.277004
797.360959,963,3073.162403
681.536276,779,3073.42382
1355.902409,1431,3074.502459
406.347882,493,3074.683897
483.274751,562,3074.858334
5128.831385,5487,3079.941619
415.427673,503,3080.155612
612.795682,745,3080.467138
852.751454,947,3081.644869
675.283204,755,3081.819046
667.300494,780,3082.81531
1529.285945,1617,3083.297635
1053.871644,1166,3084.55047
776.031794,885,3085.253367
234.539326,319,3086.851163
357.180209,446,3086.993759
967.744946,1069,3087.270469
1146.620876,1245,3088.967804
619.904901,738,3089.142668
1124.253207,1227,3090.701106
2156.928478,2193,3092.385403
1375.797255,1461,3094.09302
695.098921,798,3094.288125
897.533729,1014,3096.009676
3510.769696,3625,3098.103637
1220.174967,1323,3099.878742
402.88887,527,3100.014092
2035.923694,2073,3101.78739
727.30588,840,3103.261218
1162.126733,1287,3103.614115
961.746443,1072,3105.003062
614.591081,721,3105.162547
1160.935867,1283,3106.850835
1391.413435,1497,3108.284362
1174.946373,1308,3108.748752
555.288127,667,3108.917328
1769.1292,1881,3110.658953
1645.154755,1786,3112.272722
4668.229401,4914,3117.563389
576.183065,674,3117.725279
794.549705,925,3117.974676
1237.118177,1368,3119.538261
1763.288974,1845,3121.465445
364.618461,466,3121.577732
2063.27986,2110,3123.802152
1292.598222,1440,3125.816921
1017.149291,1148,3127.197541
2243.657733,2492,3129.218238
733.773291,870,3129.447125
4315.081601,4414,3133.677368
2381.105835,2505,3136.950981
779.680946,876,3137.255027
1755.123724,1809,3139.221733
691.470778,825,3139.47093
832.85813,954,3141.123774
464.001847,594,3141.299328
535.03199,679,3141.496493
925.358392,1060,3143.294336
1771.608866,1887,3144.896453
487.962387,595,3145.062387
1156.623705,1283,3146.746019
853.051517,980,3147.013108
1215.971067,1291,3149.029727
600.063773,737,3149.223392
344.267019,448,3149.361656
1235.177753,1360,3151.043043
837.037024,979,3152.503133
784.326274,886,3152.940761
882.984942,1023,3153.242021
445.227883,573,3154.663878
680.456582,829,3154.901401
680.847775,818,3156.214249
255.912405,365,3156.359996
854.272688,982,3156.643266
701.73146,806,3158.350618
631.880935,779,3158.566322
1040.66057,1144,3160.05696
873.114707,1008,3160.360034
665.278912,818,3160.563681
332.882411,458,3162.028618
860.538499,1001,3162.29773
674.125287,856,3164.111584
434.174899,558,3164.293527
550.958076,673,3164.469403
684.543984,809,3165.604049
344.581109,462,3165.790228
649.40794,817,3166.089
343.121681,453,3166.201271
664.598792,830,3167.703333
494.537719,629,3167.848689
664.386349,836,3169.549835
718.097784,885,3169.84551
514.762719,646,3169.999939
653.190987,824,3171.454527
415.094857,537,3171.581069
475.333589,633,3171.747203
925.655415,1107,3173.498973
537.699114,685,3173.775563
748.347284,910,3175.209039
389.133147,511,3175.417133
772.944124,951,3175.950351
687.963162,862,3177.334493
828.089361,1036,3177.633323
797.329935,970,3179.366068
348.161255,478,3179.494416
374.733905,522,3179.620957
451.454174,630,3180.986425
563.064246,700,3181.272314
458.341131,602,3181.412266
398.17399,534,3181.536552
546.317202,736,3183.334847
712.743264,962,3183.566701
393.289124,557,3185.287873
747.998579,948,3185.668015
497.641263,652,3185.843186
469.283226,650,3187.274631
344.49051,483,3187.447572
630.803606,780,3187.656395
857.366625,995,3189.450063
713.52545,880,3189.684018
779.808261,998,3191.257565
790.469426,940,3191.516804
787.647156,1011,3193.091192
762.333327,982,3193.38738
909.775629,1138,3194.940905
1101.558263,1373,3195.342311
1807.348319,2209,3197.043178
1874.1794,2264,3199.070222
408.971357,569,3200.344753
1823.319324,2230,3201.855781
604.604521,791,3202.145397
749.667802,1011,3203.327341
1872.42139,2170,3206.064808
1692.708175,2118,3208.405426
570.349914,778,3208.604169
729.92743,1012,3210.019054
1921.505484,2351,3212.441312
664.505211,910,3212.659899
1816.416721,2198,3214.645686
2078.356426,2388,3218.171188
1953.744953,2326,3219.830681
2173.671073,2485,3222.424544
1778.994444,2133,3224.418305
2568.128057,2875,3226.999249
1761.595054,2127,3228.697093
2075.952765,2298,3230.26619
2352.761889,2597,3233.914315
2022.089004,2292,3236.219449
2566.318456,2874,3238.328002
2430.566196,2719,3241.794155
2977.683186,3282,3243.974016
3121.469418,3312,3247.969222
2740.739087,2820,3250.02675
2729.551917,2947,3254.116968
1677.660603,1999,3256.236407
2181.723857,2444,3258.916752
3156.638583,3415,3261.217525
3137.924811,3280,3265.097633
2705.304175,2771,3267.570447
2521.099604,2704,3271.316341
2789.384462,2917,3273.818102
1022.754164,1146,3275.331451
2849.779891,3147,3277.782967
3305.555297,3481,3281.821584
2613.328257,2647,3284.239634
1102.815072,1194,3285.746035
829.071038,983,3286.146302
910.750169,1060,3288.219261
2784.46377,3056,3290.51495
643.160856,809,3292.293386
2803.791654,3230,3294.920413
3184.127111,3384,3299.10978
1416.301084,1586,3300.629674
2348.390208,2429,3303.251922
3146.933352,3404,3307.560411
4041.916595,4015,3312.031148
2259.244355,2387,3314.587339
844.796762,984,3314.850316
2812.889228,3126,3318.785797
2879.004813,2998,3321.504637
1600.029404,1689,3323.397322
1004.08854,1187,3325.165462
552.562116,723,3325.437487
733.41947,852,3325.687501
763.073211,908,3327.071127
785.856516,901,3327.450047
1547.513609,1637,3329.654008
1158.51126,1265,3331.935156
822.295838,973,3332.234262
713.832962,894,3334.00067
811.135358,976,3334.351827
759.70885,930,3334.581948
1993.376515,2155,3338.215741
587.809967,714,3338.528586
2309.10222,2496,3340.703846
2226.801396,2329,3343.100813
879.713017,1025,3345.25786
400.356249,510,3345.441773
760.518427,860,3345.721756
543.729162,706,3347.656155
1210.261764,1335,3348.085374
2047.256563,2121,3350.45361
647.968414,806,3352.631008
799.380363,923,3352.916784
461.814112,629,3354.625159
694.312901,840,3354.952886
1067.392017,1168,3356.891632
522.092507,680,3357.147899
1877.521885,2013,3358.805111
481.068093,660,3359.093316
1473.252585,1612,3361.512503
1199.697481,1334,3363.757235
598.261191,753,3363.9849
716.670432,890,3364.236981
516.172509,685,3365.748529
551.409585,743,3366.127418
1279.152305,1405,3368.324543
773.913953,958,3368.613866
549.880385,734,3370.224097
1462.272622,1655,3370.741676
929.370676,1132,3372.839984
1429.487317,1654,3374.799842
655.093059,846,3375.032853
865.592079,1063,3377.380663
1182.968761,1385,3377.810215
1178.11428,1360,3380.005421
524.195711,717,3380.202074
568.362628,777,3381.960377
1203.23863,1423,3383.685344
999.325929,1209,3384.009125
738.220494,981,3384.965559
733.788807,978,3385.233784
684.295764,878,3385.525309
865.404112,1082,3386.475467
527.254342,720,3386.673133
841.155272,1099,3387.798528
865.025259,1109,3388.127368
856.050504,1204,3389.166003
3518.765291,3797,3391.647531
743.950483,835,3391.954341
2691.651472,3050,3394.158586
1176.559646,1499,3395.275557
527.184665,760,3395.482095
454.753491,644,3395.666538
835.960977,1109,3396.581726
1114.276157,1454,3396.98562
797.281704,1108,3397.935944
2994.885569,3211,3400.066773
579.341534,837,3400.316649
2729.57535,3016,3401.739567
2182.656383,2605,3403.689954
633.491334,881,3403.931096
1000.065731,1250,3404.867262
975.309259,1221,3405.179562
600.122457,904,3406.037798
617.811597,892,3406.273198
2212.69702,2549,3407.58293
2493.138526,2730,3409.558996
986.445375,1439,3410.527687
2561.990279,2775,3411.905412
669.415994,957,3412.144124
859.180351,1172,3413.158887
2342.82293,2696,3414.458535
698.51811,1007,3415.325031
1903.837261,2440,3416.586617
2420.073396,2715,3417.973279
2087.114664,2453,3419.206992
2697.481958,2871,3421.228211
2390.3379,2697,3422.552465
2282.754685,2689,3423.94469
537.492252,626,3424.741281
692.33059,773,3424.948809
1116.805032,1184,3425.855612
804.625412,1151,3426.194213
2876.873125,3263,3428.341123
2073.43045,2586,3429.676676
1974.950639,2452,3430.913843
2352.003473,2711,3432.904081
507.462195,593,3433.127165
754.954947,827,3433.342424
2299.993042,2567,3435.232489
2191.224112,2458,3436.554996
2896.581937,3047,3438.013912
2153.372397,2486,3439.959486
2085.663556,2447,3441.217286
424.176725,504,3441.366653
2160.846719,2493,3442.739736
1239.900213,1340,3443.859046
362.865909,455,3443.99165
3231.329181,3385,3446.107095
3329.919873,3710,3448.370453
2970.239638,3180,3449.923104
1141.403027,1539,3450.932715
1357.517216,1854,3452.049901
3353.971563,3479,3453.637933
2787.45966,2986,3455.703716
2670.000012,2848,3457.072308
463.306388,563,3457.814066
2565.61578,2904,3459.321716
2192.041783,2516,3460.705164
2970.963878,3188,3462.818583
369.088277,461,3462.966013
2670.997608,2877,3464.431539
792.169143,882,3465.303967
2158.639809,2471,3466.600961
2718.590133,2859,3467.974682
709.179461,802,3468.915945
2245.859028,2502,3470.233147
2847.441252,3154,3472.297874
2268.576355,2555,3473.672913
2780.663571,3160,3475.305173
2569.121496,2728,3477.300572
616.044549,732,3477.524031
2380.894327,2749,3478.99925
2237.413039,2544,3480.983871
2369.826858,2646,3482.364303
955.085908,1061,3482.679583
2209.424797,2557,3484.737636
2081.057976,2292,3486.029222
2458.503965,2742,3487.456789
1978.665721,2307,3488.715967
1827.80971,1896,3490.014113
2196.930268,2260,3491.25815
393.074017,498,3491.998498
2087.039589,2164,3493.256897
2362.504191,2640,3494.730267
2260.090503,2513,3496.061874
2349.27718,2511,3497.383825
1213.083406,1325,3498.413758
2291.789649,2429,3499.746562
2165.755717,2575,3501.065215
2469.727275,2588,3503.165692
1105.807629,1259,3503.515997
1809.57314,2131,3504.771243
968.900621,1118,3505.749574
1824.206193,1941,3506.889081
1218.953484,1363,3507.894728
867.668649,1023,3508.221897
476.068978,606,3508.376981
848.743112,976,3509.281152
1675.035794,1834,3510.496708
1713.845437,1876,3511.683478
2363.76187,2512,3513.12336
